tune_name,page,style,booknames,notes
Atholl Highlanders March to Loch Katrine,2,March,W. Ross's Collection Book 5
Dovecote Park,7,March,W. Ross's Collection Book 5
Miss Elspeth Campbell,18,March,W. Ross's Collection Book 5
J. McLagan,23,March,W. Ross's Collection Book 5
John McKenzie's Farewell to Strathglass,26,March,W. Ross's Collection Book 5
Leaving lunga,20,March,W. Ross's Collection Book 5
MacDougall of Lunga,1,March,W. Ross's Collection Book 5
Mackay's Farewell to the 71st,24,March,W. Ross's Collection Book 5
The MacPherson's Farewell,21,March,W. Ross's Collection Book 5
Major A. N. Donaldson of Amulree,14,March,W. Ross's Collection Book 5
Major General Bruce matthews,29,March,W. Ross's Collection Book 5
Miss mary O'Beirne's Welcome to kildonan,16,March,W. Ross's Collection Book 5
Mrs MacDougall,22,March,W. Ross's Collection Book 5
Normal Campbell's Farewell to inveran,11,March,W. Ross's Collection Book 5
The Pipers' Farewell to Perth,30,March,W. Ross's Collection Book 5
The Renfrewshire Militia,4,March,W. Ross's Collection Book 5
The Sprig of Ivy,8,March,W. Ross's Collection Book 5
Taymouth Castle,28,March,W. Ross's Collection Book 5
Tulloch McCarrick,10,March,W. Ross's Collection Book 5
Pipe-Major William Lawrie's Favourite,12,April,W. Ross's Collection Book 5
The White Sands of Mersa Matrah,18,May,W. Ross's Collection Book 5
The 72nd's Farewell to Dover,6,June,W. Ross's Collection Book 5
Arthur's Seat,36,Strathspey,W. Ross's Collection Book 5
Barbara's,32,Strathspey,W. Ross's Collection Book 5
The Birks of Abergeldie,32,Strathspey,W. Ross's Collection Book 5
The Caledonian Society of London,35,Strathspey,W. Ross's Collection Book 5
Climbing Duniquaich,32,Strathspey,W. Ross's Collection Book 5
Colonel JR Farquaharson,33,Strathspey,W. Ross's Collection Book 5
The Highlands of Banffshire,36,Strathspey,W. Ross's Collection Book 5
Highland Harry,34,Strathspey,W. Ross's Collection Book 5
The Inverness Rant,37,Strathspey,W. Ross's Collection Book 5
Kessock Ferry,37,Strathspey,W. Ross's Collection Book 5
Take yhour Gun to the hill,33,Strathspey,W. Ross's Collection Book 5
Ballater Rant,42,Reel,W. Ross's Collection Book 5
The Clucking Hen,38,Reel,W. Ross's Collection Book 5
Duncan Lamont,44,Reel,W. Ross's Collection Book 5
Foot it Neatly,41,Reel,W. Ross's Collection Book 5
Loch Carron,42,Reel,W. Ross's Collection Book 5
Reel O'Tulloch,40,Reel,W. Ross's Collection Book 5
Willie Cummings,43,Reel,W. Ross's Collection Book 5
Arlitrach,45,Jig,W. Ross's Collection Book 5
Center's Bonnet,49,Jig,W. Ross's Collection Book 5
Drops of Brandy,45,Jig,W. Ross's Collection Book 5
The Red Brae,46,Jig,W. Ross's Collection Book 5
The Stable Boys,48,Jig,W. Ross's Collection Book 5
The Tailor's Wedding,47,Jig,W. Ross's Collection Book 5
The Time is Ripe,50,Jig,W. Ross's Collection Book 5
By Loch Etive side,50,Slow Air,W. Ross's Collection Book 5
A man's a man for a' that,10,March,Scots Guards Volume 1
The Abercairney Highlanders,106,March,Scots Guards Volume 1
All the blue bonnets are over the border,4,March,Scots Guards Volume 1
The Atholl and Breaalbane Gathering,108,March,Scots Guards Volume 1
The Atholl Highlanders,86,March,Scots Guards Volume 1
The Atholl Highlanders march to Loch Katrine,110,March,Scots Guards Volume 1
The Australian Ladies,112,March,Scots Guards Volume 1
The Back of Benachie,7,March,Scots Guards Volume 1
The Balkan Hills,114,March,Scots Guards Volume 1
Ballochyle,88,March,Scots Guards Volume 1
The Balmoral Highlanders,115,March,Scots Guards Volume 1
The barren Rocks of aden,116,March,Scots Guards Volume 1
The Battle of Killecrankie,,March,Scots Guards Volume 1
The Black bear,8,March,Scots Guards Volume 1
The Bonawe Highlanders,90,March,Scots Guards Volume 1
Bonnie Ann,118,March,Scots Guards Volume 1
Bonniy Dundee,18,March,Scots Guards Volume 1
Brigadier MD erskine,47,March,Scots Guards Volume 1
Brose and Butter,3,March,Scots Guards Volume 1
Brothers Three,11,March,Scots Guards Volume 1
The Brown Haired Maiden,10,March,Scots Guards Volume 1
Bugle horn,91,March,Scots Guards Volume 1
Campbells Farewell to redcastle,120,March,Scots Guards Volume 1
Captain Craig Brown,92,March,Scots Guards Volume 1
Captain MG Bax,48,March,Scots Guards Volume 1
Captain Norman Orr Ewing,23,March,Scots Guards Volume 1
Captain P Leng,44,March,Scots Guards Volume 1
Captain Edward Hope Vere ,121,March,Scots Guards Volume 1
Colonel CIH Dunbara,62,March,Scots Guards Volume 1
Colonel Robertson,92,March,Scots Guards Volume 1
Colonel Sinclair,122,March,Scots Guards Volume 1
Corn Rigs are Bonny,13,March,Scots Guards Volume 1
The Coronation of Queen Elizabeth,61,March,Scots Guards Volume 1
Coriechoilies's Welcome to the Northern Meeting,123,March,Scots Guards Volume 1
The Crags of Stirling,124,March,Scots Guards Volume 1
Craig-n-Darroch,117,March,Scots Guards Volume 1
The Crisis,36,March,Scots Guards Volume 1
Daft Donald,94,March,Scots Guards Volume 1
Doctor Macleod of Alnwick,26,March,Scots Guards Volume 1
Donald Blue,3,March,Scots Guards Volume 1
Donald Cameron,126,March,Scots Guards Volume 1
Donald Fraser,60,March,Scots Guards Volume 1
Dovecote Park,9,March,Scots Guards Volume 1
The Drunken Piper,6,March,Scots Guards Volume 1
The Duke of roxburghe's farewell to Blackmount Forest,128,March,Scots Guards Volume 1
The Earl of Mansfield,130,March,Scots Guards Volume 1
The Edinburgh Volunteers,131,March,Scots Guards Volume 1
Farewell to the Creeks,95,March,Scots Guards Volume 1
G Company's welcome to Kuala Kubu Bahru,45,March,Scots Guards Volume 1
The Glendaruel Highlanders,96,March,Scots Guards Volume 1
The Glengarry Gathering,132,March,Scots Guards Volume 1
Greenwood Side,6,March,Scots Guards Volume 1
Happy we've been together,134,March,Scots Guards Volume 1
The Haughs of Cromdale,134,March,Scots Guards Volume 1
The Heights of Mount Kenya,66,March,Scots Guards Volume 1
The Highland Brigade at Tel-el-Kahir,97,March,Scots Guards Volume 1
The Highland Laddie,1,March,Scots Guards Volume 1
The Highland Wedding,16,March,Scots Guards Volume 1
The Hills and Waters of Penang,46,March,Scots Guards Volume 1
The Hills of Glenorchy,98,March,Scots Guards Volume 1
The Hills of Kowloon,30,March,Scots Guards Volume 1
Hortense's Welcome to Edinburgh Castle,57,March,Scots Guards Volume 1
Hot Punch,12,March,Scots Guards Volume 1
"HRH Prince Henry, Duke of Gloucester's March",,March,Scots Guards Volume 1
I am a young man that lived with my mother,99,March,Scots Guards Volume 1
The Inverness Gathering,15,March,Scots Guards Volume 1
Jenny's Bawbee,135,March,Scots Guards Volume 1
Jenny's Black e'e,136,March,Scots Guards Volume 1
Jim Mcbay's Welcome,35,March,Scots Guards Volume 1
John McKenzie's Farewell to Strathglass,20,March,Scots Guards Volume 1
John Morrison Esq of Assynt House,28,March,Scots Guards Volume 1
Johnny Cope,2,March,Scots Guards Volume 1
Kenmure's up and awa Willy,99,March,Scots Guards Volume 1
King George V's Army,136,March,Scots Guards Volume 1
Lady Dorothea Stewart Murray,100,March,Scots Guards Volume 1
The Laird of Luss,25,March,Scots Guards Volume 1
Leaving Glenurquhart,138,March,Scots Guards Volume 1
Leaving port Askaig,27,March,Scots Guards Volume 1
the Lonach Gathering,24,March,Scots Guards Volume 1
Lord Alwxander kennedy,140,March,Scots Guards Volume 1
Louise Munro Ross,55,March,Scots Guards Volume 1
Lt. Col. AE Cameron of Aldourie,58,March,Scots Guards Volume 1
Lt. Col. P Fane Gladwin's greeting to Dunans,56,March,Scots Guards Volume 1
Macdonald's March to the wars,101,March,Scots Guards Volume 1
Major Alex Greenwood,59,March,Scots Guards Volume 1
Major John Macrae DSO of Feoirlinn,39,March,Scots Guards Volume 1
The Marchioness of Tullibardine,142,March,Scots Guards Volume 1
The Midlothian Pipe Band,102,March,Scots Guards Volume 1
Monte Catarelto,42,March,Scots Guards Volume 1
Mrs Pat Maclaren,32,March,Scots Guards Volume 1
the Mucking of Geordie's Byre,14,March,Scots Guards Volume 1
Murray's Welcome,144,March,Scots Guards Volume 1
My love she's but a lassie yet,145,March,Scots Guards Volume 1
My native Highland Home,146,March,Scots Guards Volume 1
The Nut Brown Maiden,65,March,Scots Guards Volume 1
Parker's Welcome to Perthshire ,148,March,Scots Guards Volume 1
The Piobaireachd of Donald Dhu,5,March,Scots Guards Volume 1
Pipe Major Ewan Macreae,54,March,Scots Guards Volume 1
The Plains of Tuscany,41,March,Scots Guards Volume 1
Portree Bay,103,March,Scots Guards Volume 1
The Portree Men,150,March,Scots Guards Volume 1
Raasay House,43,March,Scots Guards Volume 1
Rachel Dorothy Cunningham,53,March,Scots Guards Volume 1
The Road to the Isles,151,March,Scots Guards Volume 1
The Rock and the wee pickle tow,104,March,Scots Guards Volume 1
Scotland the Brave,8,March,Scots Guards Volume 1
Scots Guards departure for Egypt,20,March,Scots Guards Volume 1
Scots Guards farewell to South Africa,22,March,Scots Guards Volume 1
Scots Guards march through Jerusalem,33,March,Scots Guards Volume 1
the Scots Guards Review,64,March,Scots Guards Volume 1
Scots Guards welcome back to their old name,19,March,Scots Guards Volume 1
Scots Guards Welcome to Toronto,29,March,Scots Guards Volume 1
The siege of Delhi,152,March,Scots Guards Volume 1
the Sweet Maid of Glendaruel,153,March,Scots Guards Volume 1
the Tercentenary of the Scots Guards,38,March,Scots Guards Volume 1
Teribus,153,March,Scots Guards Volume 1
The White Sands of Mersa Matruh,34,March,Scots Guards Volume 1
Wooed and married and a',105,March,Scots Guards Volume 1
The 1st Battalion Scots Guards farewell to Cyprus,52,March,Scots Guards Volume 1
The 1st Battalion Scots Guards farewell to Southhampton,31,March,Scots Guards Volume 1
The 2nd Battalion Scots Guards farewell to Malaya,49,March,Scots Guards Volume 1
The 2nd Battalion Scots Guards farewell to Singapore,50,March,Scots Guards Volume 1
The 24th Guards Brigade at Anzio,40,March,Scots Guards Volume 1
The 32nd Guards Brigade,51,March,Scots Guards Volume 1
The 71 Highlanders,154,March,Scots Guards Volume 1
The 79th Farewell to Gibraltar,156,March,Scots Guards Volume 1
Arniston Castyle,157,Strathspey,Scots Guards Volume 1
Aspen Bank,158,Strathspey,Scots Guards Volume 1
Athole Cummers,158,Strathspey,Scots Guards Volume 1
Balmoral Castle,160,Strathspey,Scots Guards Volume 1
Because he was a bonny lad,160,Strathspey,Scots Guards Volume 1
Blair Drummond,161,Strathspey,Scots Guards Volume 1
Bob of Fettercairn,162,Strathspey,Scots Guards Volume 1
The Braes of Mar,163,Strathspey,Scots Guards Volume 1
The Braes of Tullymet,163,Strathspey,Scots Guards Volume 1
The Caledonian Canal,164,Strathspey,Scots Guards Volume 1
Captain Horne,164,Strathspey,Scots Guards Volume 1
Delvinside,165,Strathspey,Scots Guards Volume 1
The Devil in the kitchen,166,Strathspey,Scots Guards Volume 1
Dorrator Bridge,166,Strathspey,Scots Guards Volume 1
The Fiddler's Joy,167,Strathspey,Scots Guards Volume 1
Highland harry,168,Strathspey,Scots Guards Volume 1
Highland Whisky,168,Strathspey,Scots Guards Volume 1
"JF Mackenzaie Esq of Garrynahine, Stornoway",169,Strathspey,Scots Guards Volume 1
The Keel Row,169,Strathspey,Scots Guards Volume 1
Lady Loudon,170,Strathspey,Scots Guards Volume 1
Lady Mackenzie of fairburn,171,Strathspey,Scots Guards Volume 1
Lady Madelina Sinclair,171,Strathspey,Scots Guards Volume 1
the Laird of Drumblair,172,Strathspey,Scots Guards Volume 1
Lord Blantyre,173,Strathspey,Scots Guards Volume 1
Ludeon's bonny woods and braes,173,Strathspey,Scots Guards Volume 1
Maggie Cameron,174,Strathspey,Scots Guards Volume 1
The market Place of Inverness,175,Strathspey,Scots Guards Volume 1
The Marquis of Huntly's Highland Fling,175,Strathspey,Scots Guards Volume 1
The Miller of Drone,176,Strathspey,Scots Guards Volume 1
Miss Ada Crawford,176,Strathspey,Scots Guards Volume 1
Miss Drummond of Perth,177,Strathspey,Scots Guards Volume 1
Monymusk,177,Strathspey,Scots Guards Volume 1
Munlochy Bridge,178,Strathspey,Scots Guards Volume 1
Orange and Blue,178,Strathspey,Scots Guards Volume 1
The Piper's Bonnet,179,Strathspey,Scots Guards Volume 1
The rose among the neather,180,Strathspey,Scots Guards Volume 1
Sandy King's breeks,180,Strathspey,Scots Guards Volume 1
The Shepherd's Crook,181,Strathspey,Scots Guards Volume 1
Stirling Castle,182,Strathspey,Scots Guards Volume 1
Struan Roberson,182,Strathspey,Scots Guards Volume 1
Tulloch Gorm,183,Strathspey,Scots Guards Volume 1
When you go to the hill take your gun,184,Strathspey,Scots Guards Volume 1
The Ale is dear,185,Reel,Scots Guards Volume 1
The Blackbird,186,Reel,Scots Guards Volume 1
Ca' the ewes,188,Reel,Scots Guards Volume 1
Charlie's welcome,189,Reel,Scots Guards Volume 1
The Clucking Hen,190,Reel,Scots Guards Volume 1
The Dancing feet,192,Reel,Scots Guards Volume 1
The Devil among the tailors,192,Reel,Scots Guards Volume 1
The duke of Richmond,193,Reel,Scots Guards Volume 1
Duntroon,194,Reel,Scots Guards Volume 1
The Eight men of Moidart,195,Reel,Scots Guards Volume 1
The Fairy Dance,196,Reel,Scots Guards Volume 1
The Flagon,196,Reel,Scots Guards Volume 1
The Grey Bob,198,Reel,Scots Guards Volume 1
The High Road to Linton,199,Reel,Scots Guards Volume 1
Jenny dang the weaver,199,Reel,Scots Guards Volume 1
Jock Wilson's Ball,200,Reel,Scots Guards Volume 1
John McKechnie,200,Reel,Scots Guards Volume 1
Kate Dalrymple,202,Reel,Scots Guards Volume 1
The Kilt is my delight,202,Reel,Scots Guards Volume 1
Loch Carron,203,Reel,Scots Guards Volume 1
Lord Macdonald,204,Reel,Scots Guards Volume 1
The Masons's Apron,205,Reel,Scots Guards Volume 1
Master james M Diack,69,Reel,Scots Guards Volume 1
Mrs Macleod of Raasay,205,Reel,Scots Guards Volume 1
Mrs Macpherson of Inveran,206,Reel,Scots Guards Volume 1
Mrs Terence Eden's welcome to Cromlix,68,Reel,Scots Guards Volume 1
Over the Isles to America,208,Reel,Scots Guards Volume 1
The Peper of Drummond,209,Reel,Scots Guards Volume 1
Pretty marion,210,Reel,Scots Guards Volume 1
The Reel of Tulloch,212,Reel,Scots Guards Volume 1
The Rejected Suitor,214,Reel,Scots Guards Volume 1
The Rev Alan Davidson,70,Reel,Scots Guards Volume 1
Sandy Cameron,215,Reel,Scots Guards Volume 1
Sandy Duff,216,Reel,Scots Guards Volume 1
Scorrybreck Falls,71,Reel,Scots Guards Volume 1
the SheepWife,216,Reel,Scots Guards Volume 1
The Smith of Chillichassie,218,Reel,Scots Guards Volume 1
Speed the plough,219,Reel,Scots Guards Volume 1
Struy Lodge,68,Reel,Scots Guards Volume 1
Thomson's Dirk,220,Reel,Scots Guards Volume 1
Weary we've been ,221,Reel,Scots Guards Volume 1
The Wind that shakes the barley,221,Reel,Scots Guards Volume 1
Windsor Castle,72,Reel,Scots Guards Volume 1
The Battle of the Somme,222,Retreat,Scots Guards Volume 1
Colin's Castle,222,Retreat,Scots Guards Volume 1
The Countess of Dysart's welcome to Edinburgh Castle,73,Retreat,Scots Guards Volume 1
Craigmillar Castle,224,Retreat,Scots Guards Volume 1
Dark lowers the night,224,Retreat,Scots Guards Volume 1
The Dream valley of Glendaruel,225,Retreat,Scots Guards Volume 1
Far over Struy,226,Retreat,Scots Guards Volume 1
The Green Hills of Tyrol,226,Retreat,Scots Guards Volume 1
The Hawk that swoops on high,228,Retreat,Scots Guards Volume 1
The Haights of Dargai,228,Retreat,Scots Guards Volume 1
The heroes of Vittoria,229,Retreat,Scots Guards Volume 1
Kilworth Hills,230,Retreat,Scots Guards Volume 1
Lochanside,231,Retreat,Scots Guards Volume 1
Loch Maree,232,Retreat,Scots Guards Volume 1
The Meeting of the waters,233,Retreat,Scots Guards Volume 1
Macgregor of Rora,233,Retreat,Scots Guards Volume 1
My faithful fair one,234,Retreat,Scots Guards Volume 1
The road to Sham-shui-Po,73,Retreat,Scots Guards Volume 1
The shores of Argyll,235,Retreat,Scots Guards Volume 1
Sir Colin Campbell's farewell to the Crimea,236,Retreat,Scots Guards Volume 1
The Song of the maid,237,Retreat,Scots Guards Volume 1
Toronsay Castle,238,Retreat,Scots Guards Volume 1
When the battle is over,239,Retreat,Scots Guards Volume 1
Youghal Harbour,239,Retreat,Scots Guards Volume 1
Bonny Strathyre,242,Slow March,Scots Guards Volume 1
Come ye by Atholl,243,Slow March,Scots Guards Volume 1
The Cradle Song,243,Slow March,Scots Guards Volume 1
The Glight of the Eaglets,76,Slow March,Scots Guards Volume 1
The Flowers of the Forest,240,Slow March,Scots Guards Volume 1
The Garb of Old Gaul,1,Slow March,Scots Guards Volume 1
Hearken my love,244,Slow March,Scots Guards Volume 1
The Herding Song,245,Slow March,Scots Guards Volume 1
The Isle of the heather,245,Slow March,Scots Guards Volume 1
Lament for Captain T Ballantyne Dykes,76,Slow March,Scots Guards Volume 1
Leaving Ardtornish,74,Slow March,Scots Guards Volume 1
Leaving St. Kilda,75,Slow March,Scots Guards Volume 1
Lochaber no more,241,Slow March,Scots Guards Volume 1
Loch Duich,246,Slow March,Scots Guards Volume 1
Loch Etive-side,246,Slow March,Scots Guards Volume 1
Loch Leven Castle,247,Slow March,Scots Guards Volume 1
Loch Monar,74,Slow March,Scots Guards Volume 1
Loch Rannoch,248,Slow March,Scots Guards Volume 1
Mairi Bhan Og,249,Slow March,Scots Guards Volume 1
The Mist covered mountains,250,Slow March,Scots Guards Volume 1
Mrs Elder's welcome,251,Slow March,Scots Guards Volume 1
My home,252,Slow March,Scots Guards Volume 1
My lodgings on the cold ground,253,Slow March,Scots Guards Volume 1
The Pride of Scotland,253,Slow March,Scots Guards Volume 1
The Skye Boat Song,254,Slow March,Scots Guards Volume 1
The skye Gathering,255,Slow March,Scots Guards Volume 1
The Wandering piper,255,Slow March,Scots Guards Volume 1
Westering Home,256,Slow March,Scots Guards Volume 1
Arlitrach,258,Jig,Scots Guards Volume 1
The Baldooser,259,Jig,Scots Guards Volume 1
The Barley Mow,260,Jig,Scots Guards Volume 1
Brae Riach,262,Jig,Scots Guards Volume 1
Center's Bonnet,77,Jig,Scots Guards Volume 1
Cork Hill,263,Jig,Scots Guards Volume 1
Cyprus Brandy,80,Jig,Scots Guards Volume 1
Drops of Brandy,264,Jig,Scots Guards Volume 1
Finlay Mackenzie,264,Jig,Scots Guards Volume 1
The Goat Herd and the Sheepherd,265,Jig,Scots Guards Volume 1
The Grumbling Carle,266,Jig,Scots Guards Volume 1
The Jig of Slurs,267,Jig,Scots Guards Volume 1
John Patterson's mare,268,Jig,Scots Guards Volume 1
The Kitchen Maid,270,Jig,Scots Guards Volume 1
Moajor Donald Struan Robertson,83,Jig,Scots Guards Volume 1
The Micks among the Jocks,84,Jig,Scots Guards Volume 1
Minnie Hynd,271,Jig,Scots Guards Volume 1
Namless Jigs,78,Jig,Scots Guards Volume 1
Namless Jigs,79,Jig,Scots Guards Volume 1
Paddy's leather breeches,272,Jig,Scots Guards Volume 1
The Red Brae,80,Jig,Scots Guards Volume 1
The Shaggy Grey Buck,273,Jig,Scots Guards Volume 1
The Spider and the Gaff,82,Jig,Scots Guards Volume 1
The Ladies' Horn Pipe,276,Hornpipe,Scots Guards Volume 1
The Londonderry Horn Pipe,277,Hornpipe,Scots Guards Volume 1
"Salute in Praise of Pipe Major William Ross, MBE",278,Ceol Mor,Scots Guards Volume 1
Aldergrove,26,March,Scots Guards Volume 2
Angus MacKinnon,2,March,Scots Guards Volume 2
The Banks of the Lossie,66,March,Scots Guards Volume 2
the Braes of Brecklet,27,March,Scots Guards Volume 2
The Braes of Castle Grant,28,March,Scots Guards Volume 2
Bundle and Go,3,March,Scots Guards Volume 2
The Cameron Quickstep,29,March,Scots Guards Volume 2
Captain Carswell,30,March,Scots Guards Volume 2
Captain A Pitkeathly,66,March,Scots Guards Volume 2
The Cock of the North,4,March,Scots Guards Volume 2
The Chow Man,31,March,Scots Guards Volume 2
Colonel Iain A ferguson OBE,5,March,Scots Guards Volume 2
The Conundrum,32,March,Scots Guards Volume 2
Crags of Tumbledown Mountain,25,March,Scots Guards Volume 2
Cullen Bay,66,March,Scots Guards Volume 2
The Desert March,33,March,Scots Guards Volume 2
Dr Ross's 50th Welcome to the Argyllshire Gathering,6,March,Scots Guards Volume 2
Dornoch Links,34,March,Scots Guards Volume 2
Duncan McInnes,35,March,Scots Guards Volume 2
Duncan McNeil Esq. Farewell to Melfort,36,March,Scots Guards Volume 2
The dundee City Police Band,7,March,Scots Guards Volume 2
Farewell to Nigg,68,March,Scots Guards Volume 2
The Fesetival March,70,March,Scots Guards Volume 2
General Sir Michael Gow's Farewell to Edinburgh Castle,17,March,Scots Guards Volume 2
Glasgow Week in Hamburg,71,March,Scots Guards Volume 2
Glen Caladh Castle,37,March,Scots Guards Volume 2
The High Road to Gairloch,38,March,Scots Guards Volume 2
HRH The duke of Kent,1,March,Scots Guards Volume 2
Inveran,39,March,Scots Guards Volume 2
Irene Meldrum's Welcome to Bon Accord,40,March,Scots Guards Volume 2
Kantara to El Arish,41,March,Scots Guards Volume 2
Kirkhill,8,March,Scots Guards Volume 2
Kirkwall Bay,9,March,Scots Guards Volume 2
Lady Lever Park,42,March,Scots Guards Volume 2
The Lass of Redmond Hill,43,March,Scots Guards Volume 2
The Lochaber Gathering,44,March,Scots Guards Volume 2
Loch Ruan,19,March,Scots Guards Volume 2
Lord Lovat's Lament,20,March,Scots Guards Volume 2
Lt. Col.  DJS Murray,18,March,Scots Guards Volume 2
Lt. Col. DM Naylor MBE,11,March,Scots Guards Volume 2
MacLeod of Mull,10,March,Scots Guards Volume 2
The MacNeils of Ugadale,12,March,Scots Guards Volume 2
Mairis Wedding ,45,March,Scots Guards Volume 2
Major Manson's Farewell to Clachantrushal,46,March,Scots Guards Volume 2
Major AT Philipson MBE,13,March,Scots Guards Volume 2
Margaret M Duncan,47,March,Scots Guards Volume 2
Millbank Cottage,48,March,Scots Guards Volume 2
Mrs Dalzel-Job,49,March,Scots Guards Volume 2
Mrs Macdonald of Dunach,50,March,Scots Guards Volume 2
Murdo's Wedding,21,March,Scots Guards Volume 2
the Old Rustic Bridge,21,March,Scots Guards Volume 2
Pipe Major Robert Rennie,51,March,Scots Guards Volume 2
Pipe Major KG Roe's Farewell to the Scots Guards,52,March,Scots Guards Volume 2
Pipe Major W ross's Farewell to 2nd Bn Scots Guards,53,March,Scots Guards Volume 2
Pipe Major John Stewart,54,March,Scots Guards Volume 2
Rab's Wedding,15,March,Scots Guards Volume 2
Redford Cottage,16,March,Scots Guards Volume 2
Right Flank's Farewell to Lurgan,55,March,Scots Guards Volume 2
The Rowan Tree,22,March,Scots Guards Volume 2
The Royal Scottish Pipers' Society,56,March,Scots Guards Volume 2
Scots Guards Farewell to Sharjah,58,March,Scots Guards Volume 2
South Hall,58,March,Scots Guards Volume 2
Support Company's Arewell to Divis Flats,60,March,Scots Guards Volume 2
The taking of Beaumont Hamel,60,March,Scots Guards Volume 2
The Two Ronnies' Maggies,23,March,Scots Guards Volume 2
Wings,24,March,Scots Guards Volume 2
The Young Macgregor,62,March,Scots Guards Volume 2
No 2 Company Grenadier Guards,63,March,Scots Guards Volume 2
The 8th Argylls' Farewell to the 116th Regiment of Ligne,24,March,Scots Guards Volume 2
The 74th's Farewell to Edinburgh,64,March,Scots Guards Volume 2
Cabar Feidh,72,Strathspey,Scots Guards Volume 2
The Caledonian Society of London,73,Strathspey,Scots Guards Volume 2
The Cameronian Rant,74,Strathspey,Scots Guards Volume 2
Captain Colin Campbell,76,Strathspey,Scots Guards Volume 2
Dalnahassaig,77,Strathspey,Scots Guards Volume 2
The Duke of Gordon's Birthday,77,Strathspey,Scots Guards Volume 2
The Ewe with the crooked horn,78,Strathspey,Scots Guards Volume 2
The Gruagach (The Girl),79,Strathspey,Scots Guards Volume 2
Inveraray Castle,80,Strathspey,Scots Guards Volume 2
Mackbeth's Strathspey,82,Strathspey,Scots Guards Volume 2
Monymusk,83,Strathspey,Scots Guards Volume 2
O'er the bows to Ballindalloch,83,Strathspey,Scots Guards Volume 2
Susan Macleod,84,Strathspey,Scots Guards Volume 2
Thjick lies the mist on yonder hill,85,Strathspey,Scots Guards Volume 2
Tulloch Castle,86,Strathspey,Scots Guards Volume 2
Wiseman's Exercise,87,Strathspey,Scots Guards Volume 2
Barney's Balmoral - A reel,88,Reel,Scots Guards Volume 2
Clean Peace Strae,88,Reel,Scots Guards Volume 2
Colonel Macleod,89,Reel,Scots Guards Volume 2
Lieutenant Colonel DJS Murray,90,Reel,Scots Guards Volume 2
The Devil in the Kitchen,91,Reel,Scots Guards Volume 2
Inverninate House,92,Reel,Scots Guards Volume 2
Johnnie macdonald's Reel,92,Reel,Scots Guards Volume 2
Kalabakan,93,Reel,Scots Guards Volume 2
Lexy McAskill,94,Reel,Scots Guards Volume 2
The Little Cascade,95,Reel,Scots Guards Volume 2
Lochiel's away to France,96,Reel,Scots Guards Volume 2
Lumsden's Rant,97,Reel,Scots Guards Volume 2
Major Campbell Graham MBE,98,Reel,Scots Guards Volume 2
The Man from Glengarry,99,Reel,Scots Guards Volume 2
Miss Girdle,100,Reel,Scots Guards Volume 2
The Ness Pipers,100,Reel,Scots Guards Volume 2
Sleepy Maggie,102,Reel,Scots Guards Volume 2
The Sound of sleat,103,Reel,Scots Guards Volume 2
Balmoral,104,Retreat,Scots Guards Volume 2
The Banks of allan Water,105,Retreat,Scots Guards Volume 2
The Bloody Fields of Flanders,105,Retreat,Scots Guards Volume 2
Castle Dangerous,106,Retreat,Scots Guards Volume 2
I see Mull (Land of my Youth),108,Retreat,Scots Guards Volume 2
Jmajor JJD Cox,109,Retreat,Scots Guards Volume 2
Nameless,109,Retreat,Scots Guards Volume 2
Pipe Major JK Cairns,110,Retreat,Scots Guards Volume 2
Talmine Bay,112,Retreat,Scots Guards Volume 2
Ault Lang Syne,113,Slow March,Scots Guards Volume 2
Brentwood Bay,113,Slow March,Scots Guards Volume 2
Cailinn Mo Ruinsa (The maid I adore),114,Slow March,Scots Guards Volume 2
The Cradle Song,114,Slow March,Scots Guards Volume 2
The dark Island,115,Slow March,Scots Guards Volume 2
Dream Angus,115,Slow March,Scots Guards Volume 2
El Alamein,116,Slow March,Scots Guards Volume 2
The Fairy Lullaby,117,Slow March,Scots Guards Volume 2
The flower of Scotland,118,Slow March,Scots Guards Volume 2
A Gaelic Air (O Luiaidh-Oh my dearest dear),119,Slow March,Scots Guards Volume 2
I will go home to Kintail,120,Slow March,Scots Guards Volume 2
Leaving Lismore,121,Slow March,Scots Guards Volume 2
Leaving Lochboisdale,122,Slow March,Scots Guards Volume 2
Loch Tay boat song,122,Slow March,Scots Guards Volume 2
The Love Lullaby,123,Slow March,Scots Guards Volume 2
The Mingulay Boat song,124,Slow March,Scots Guards Volume 2
Miss Kirkwood,124,Slow March,Scots Guards Volume 2
Morag of Dunvegan,125,Slow March,Scots Guards Volume 2
The Saffron Kilt,126,Slow March,Scots Guards Volume 2
Sine Bhan,127,Slow March,Scots Guards Volume 2
Alan Macpherson of Mosspark,128,Jig,Scots Guards Volume 2
Archie Beag,129,Jig,Scots Guards Volume 2
The Banjo Breakdown,130,Jig,Scots Guards Volume 2
Barbara's Jig,132,Jig,Scots Guards Volume 2
Beaton's Blue Bonnet,133,Jig,Scots Guards Volume 2
Cutting Bracken,134,Jig,Scots Guards Volume 2
Donald Willie and his Dog,135,Jig,Scots Guards Volume 2
Eileen Macdonald,136,Jig,Scots Guards Volume 2
The Foxhunter,137,Jig,Scots Guards Volume 2
The Glasgow City Police Pipers,138,Jig,Scots Guards Volume 2
Hasted to the Wedding,139,Jig,Scots Guards Volume 2
I laid a Herring in Salt,140,Jig,Scots Guards Volume 2
The Irish Washerwoman,141,Jig,Scots Guards Volume 2
"Kenny gilles of Portnalong, Skye",142,Jig,Scots Guards Volume 2
McGuire's Jig,143,Jig,Scots Guards Volume 2
The Mull of Kintyre,144,Jig,Scots Guards Volume 2
The Nicky Tams,145,Jig,Scots Guards Volume 2
Paddy O'Rafferty,146,Jig,Scots Guards Volume 2
Pipe Major Joe Wilson,147,Jig,Scots Guards Volume 2
The Rakes of Kildare,148,Jig,Scots Guards Volume 2
Turf Lodge,149,Jig,Scots Guards Volume 2
Unknown,150,Jig,Scots Guards Volume 2
Welcome the Piper,151,Jig,Scots Guards Volume 2
the Boys of Blue Hill,152,Hornpipe,Scots Guards Volume 2
Calum Beag,152,Hornpipe,Scots Guards Volume 2
The circassian Circle,154,Hornpipe,Scots Guards Volume 2
Duncan Johnstone,154,Hornpipe,Scots Guards Volume 2
the High Level,156,Hornpipe,Scots Guards Volume 2
HMS Renown,157,Hornpipe,Scots Guards Volume 2
Ina Mackenzie,158,Hornpipe,Scots Guards Volume 2
The Jolly Beggarman,159,Slow March,Scots Guards Volume 2
The Man from Skye,160,Slow March,Scots Guards Volume 2
Paddy McGinty's Goat,161,Slow March,Scots Guards Volume 2
the Pigeon on the Gate,161,Slow March,Scots Guards Volume 2
Pipe Major Geoge Allan,162,Slow March,Scots Guards Volume 2
Tam Bain's Lum,163,Slow March,Scots Guards Volume 2
The Train Journey North,164,Slow March,Scots Guards Volume 2
Bobby Cuthbertson,176,For Dancing,Scots Guards Volume 2
Crossing the Minch,177,For Dancing,Scots Guards Volume 2
The Gay gordons,178,For Dancing,Scots Guards Volume 2
Ghillie Calum,172,For Dancing,Scots Guards Volume 2
Jackie Tar,174,For Dancing,Scots Guards Volume 2
Whistle o'er the Lve o' it,176,For Dancing,Scots Guards Volume 2
Corrienessan's Salute,194,Ceol Mor,Scots Guards Volume 2
Glengarry's Lament,179,Ceol Mor,Scots Guards Volume 2
Lament fo the Old Sword,186,Ceol Mor,Scots Guards Volume 2
The Little Spree,190,Ceol Mor,Scots Guards Volume 2
Mackintosh's Lament,199,Ceol Mor,Scots Guards Volume 2
Sir James MacDonald of the Isles's Lament,184,Ceol Mor,Scots Guards Volume 2
The Badge of Scotland,27,Regimental Tunes,Queens Own Highlanders
The Bannocks of Barley Meal,12,Regimental Tunes,Queens Own Highlanders
The Blue Bonnets,24,Regimental Tunes,Queens Own Highlanders
Brose and Buter,7,Regimental Tunes,Queens Own Highlanders
The Brown-haired Maiden,16,Regimental Tunes,Queens Own Highlanders
The bugle Horn,17,Regimental Tunes,Queens Own Highlanders
Bundle and Go,19,Regimental Tunes,Queens Own Highlanders
Cabar Feidh,2,Regimental Tunes,Queens Own Highlanders
The Cameron Men,4,Regimental Tunes,Queens Own Highlanders
Cuidich 'n Righ,12,Regimental Tunes,Queens Own Highlanders
Dark Lowers the Night,9,Regimental Tunes,Queens Own Highlanders
The Dornoch Links,14,Regimental Tunes,Queens Own Highlanders
Farewell to the Creeks,13,Regimental Tunes,Queens Own Highlanders
the Flowers of the Forest,35,Regimental Tunes,Queens Own Highlanders
The Garb of Old Gaul,4,Regimental Tunes,Queens Own Highlanders
happy we've been a' thegither,20,Regimental Tunes,Queens Own Highlanders
The Highland Brigade at Tel-El-Kebir,15,Regimental Tunes,Queens Own Highlanders
Highland Laddie,22,Regimental Tunes,Queens Own Highlanders
The Isle of the Heather,28,Regimental Tunes,Queens Own Highlanders
I love the Highlands,28,Regimental Tunes,Queens Own Highlanders
Jenny's Bawbee,8,Regimental Tunes,Queens Own Highlanders
Johnnie Cope,5,Regimental Tunes,Queens Own Highlanders
The Lads Wi' The Kilt,22,Regimental Tunes,Queens Own Highlanders
Lochaber no more,36,Regimental Tunes,Queens Own Highlanders
Loch Duich,26,Regimental Tunes,Queens Own Highlanders
MacDonald's awa' to the War,31,Regimental Tunes,Queens Own Highlanders
MacGregor of Rora,36,Regimental Tunes,Queens Own Highlanders
The Mackenzie Highlanders,23,Regimental Tunes,Queens Own Highlanders
The Mist-covered Mountains,29,Regimental Tunes,Queens Own Highlanders
My Home,29,Regimental Tunes,Queens Own Highlanders
O'er the Water to Charlie,8,Regimental Tunes,Queens Own Highlanders
"Oh, but you've been long A'Coming",31,Regimental Tunes,Queens Own Highlanders
Pibroch of Donald Dhu,1,Regimental Tunes,Queens Own Highlanders
The Point of War,19,Regimental Tunes,Queens Own Highlanders
The Red Coat,11,Regimental Tunes,Queens Own Highlanders
Saint Andrew's Cross,26,Regimental Tunes,Queens Own Highlanders
Scotland the Brave,25,Regimental Tunes,Queens Own Highlanders
The Skye Gathering,24,Regimental Tunes,Queens Own Highlanders
Sleep Dearie Sleep,10,Regimental Tunes,Queens Own Highlanders
The Standard on the Braes of Mar,34,Regimental Tunes,Queens Own Highlanders
Up and Waur them a' Wullie,21,Regimental Tunes,Queens Own Highlanders
Up in the Morning Early,6,Regimental Tunes,Queens Own Highlanders
We will return hom to Kintail,34,Regimental Tunes,Queens Own Highlanders
We will take the good old Way,32,Regimental Tunes,Queens Own Highlanders
The 25th November 1960,30,Regimental Tunes,Queens Own Highlanders
The 51st Highland Division at Wadi Akarit,18,Regimental Tunes,Queens Own Highlanders
The 72nd Highlanders,10,Regimental Tunes,Queens Own Highlanders
The 79th's Farewell to Gibraltar,20,Regimental Tunes,Queens Own Highlanders
The 79th Highlanders,33,Regimental Tunes,Queens Own Highlanders
The Battle of the Somme,37,Retreat,Queens Own Highlanders
Bonny Highland Mary,38,Retreat,Queens Own Highlanders
Colonl JA Campbell,37,Retreat,Queens Own Highlanders
Craigmillar Castle,38,Retreat,Queens Own Highlanders
The Gren Hills of Tyrol,39,Retreat,Queens Own Highlanders
The Hawk that swoops on high,40,Retreat,Queens Own Highlanders
The Highland Brigade at Magersfontein,40,Retreat,Queens Own Highlanders
I hae a wife o' my ain,41,Retreat,Queens Own Highlanders
Lord Byron,41,Retreat,Queens Own Highlanders
Lt-Colonel HSS pringle Pattison MC,42,Retreat,Queens Own Highlanders
Major General DN Wimberley's Farewell to the 51st,42,Retreat,Queens Own Highlanders
The Murree Hills,43,Retreat,Queens Own Highlanders
The sailor Boy,44,Retreat,Queens Own Highlanders
Sir Colin Campbell,45,Retreat,Queens Own Highlanders
Sir John Fowler,44,Retreat,Queens Own Highlanders
The sons of the Mountains,45,Retreat,Queens Own Highlanders
Toronsay Castle,46,Retreat,Queens Own Highlanders
The True Lover's Lament,47,Retreat,Queens Own Highlanders
When the battle's oer,48,Retreat,Queens Own Highlanders
Youghai Harbour,48,Retreat,Queens Own Highlanders
A Gaelic Air,49,Slow March,Queens Own Highlanders
Cameron Highlanders of the Dominions,50,Slow March,Queens Own Highlanders
Castle Forbes,50,Slow March,Queens Own Highlanders
Hearken my Love,51,Slow March,Queens Own Highlanders
Hthe Highland Cradle Song,49,Slow March,Queens Own Highlanders
Loch Leven Castle,52,Slow March,Queens Own Highlanders
Lord Lovat's Lament,54,Slow March,Queens Own Highlanders
Lt-Colonel Grant Peterkin's Farewell,52,Slow March,Queens Own Highlanders
mallorca,54,Slow March,Queens Own Highlanders
Mull of the Mountains,55,Slow March,Queens Own Highlanders
Road to the Isles,53,Slow March,Queens Own Highlanders
The Royal Blue Hackle,56,Slow March,Queens Own Highlanders
A South uist melody,55,Slow March,Queens Own Highlanders
This is no my ain plaid,56,Slow March,Queens Own Highlanders
The Wandering Piper,57,Slow March,Queens Own Highlanders
The Alma,58,March,Queens Own Highlanders
Allangrange,60,March,Queens Own Highlanders
The Atholl and Breadalbane Gathering,61,March,Queens Own Highlanders
The Back o' Benachie,60,March,Queens Own Highlanders
The Balkan Hill,58,March,Queens Own Highlanders
The Barren Rocks of Aden,62,March,Queens Own Highlanders
The Battle of Tamai,63,March,Queens Own Highlanders
Behind the bush in the Garden,64,March,Queens Own Highlanders
Blythe and merry was she,64,March,Queens Own Highlanders
The Black Bear Hornpipe,65,March,Queens Own Highlanders
Bonawe Highlanders,70,March,Queens Own Highlanders
The Bonnie Highland Hills,65,March,Queens Own Highlanders
The Bonnets of Blue,66,March,Queens Own Highlanders
The Bonny Country Garden,66,March,Queens Own Highlanders
The Braemar Highlanders,67,March,Queens Own Highlanders
The Braw Lad,68,March,Queens Own Highlanders
Brigadier Alasdair Maclean CBE,68,March,Queens Own Highlanders
Campbell's Farewell to Redcastle,72,March,Queens Own Highlanders
Cam ye' by Atholl,81,March,Queens Own Highlanders
The Cameron Quickstep,72,March,Queens Own Highlanders
Captain GW Anderson,74,March,Queens Own Highlanders
Captain Campbell,71,March,Queens Own Highlanders
Captain Craig Brown,76,March,Queens Own Highlanders
Captain Grant,74,March,Queens Own Highlanders
Captain MacDonald,75,March,Queens Own Highlanders
"Captain NT MacLeod MC, DCM",78,March,Queens Own Highlanders
Captain Oldfield's Welcome to Kilravock,77,March,Queens Own Highlanders
Captain JM Sym,80,March,Queens Own Highlanders
Cold Winds from Ben Wyvis,79,March,Queens Own Highlanders
Colonel Robertson,82,March,Queens Own Highlanders
Colonel Sinclair,83,March,Queens Own Highlanders
Conon House,85,March,Queens Own Highlanders
Corn Rigs,84,March,Queens Own Highlanders
Corran House,83,March,Queens Own Highlanders
Corriechoillie's 43 Welcome to the Northern Meeting,84,March,Queens Own Highlanders
Daft Donald,90,March,Queens Own Highlanders
Donald'd far away,86,March,Queens Own Highlanders
Donald Cameron,86,March,Queens Own Highlanders
Dovecote Park,88,March,Queens Own Highlanders
The duchess of Sutherland,88,March,Queens Own Highlanders
The Earl of Mansfield,91,March,Queens Own Highlanders
The East Neuk of Fife,92,March,Queens Own Highlanders
The Glasgow Gaelic Club,94,March,Queens Own Highlanders
The Glendaruel Highlanders,92,March,Queens Own Highlanders
Greenwoodside,94,March,Queens Own Highlanders
The Haughs of Cromdale,95,March,Queens Own Highlanders
Haste to the Wedding,96,March,Queens Own Highlanders
Here's to him that's o'er the water,96,March,Queens Own Highlanders
The Heights of Alma,97,March,Queens Own Highlanders
The Heights of Cassino,98,March,Queens Own Highlanders
The Highland Lassie going to the Fair,99,March,Queens Own Highlanders
The Hills of Glenorchy,102,March,Queens Own Highlanders
Hills of South Uist,100,March,Queens Own Highlanders
Hot Punch,101,March,Queens Own Highlanders
I'll gang nae mair tae yon toon,102,March,Queens Own Highlanders
I laid a herring in salt,104,March,Queens Own Highlanders
I lo'e nae a laddie but ane,104,March,Queens Own Highlanders
Invercauld House,105,March,Queens Own Highlanders
Jennie's Black E'e,105,March,Queens Own Highlanders
Jessie Brown of Luchnow,106,March,Queens Own Highlanders
John Bain Mackenzie,106,March,Queens Own Highlanders
John Bain Mackenzie's Sister's wedding,107,March,Queens Own Highlanders
"John Keil, MBE",108,March,Queens Own Highlanders
Kenmure's up and awa',109,March,Queens Own Highlanders
Lassie was ye lo'e me,109,March,Queens Own Highlanders
lochcarnan Bay,110,March,Queens Own Highlanders
Lochiel's away to France,112,March,Queens Own Highlanders
Lord panmure,114,March,Queens Own Highlanders
L-Colonel APC Hannay MC,112,March,Queens Own Highlanders
Lt-Colonel JSH Douglas OBE,111,March,Queens Own Highlanders
Lt-Colonel Maintland-Makgill-Crichton OBE,114,March,Queens Own Highlanders
MacDonald of the Isles,116,March,Queens Own Highlanders
Mackay's farewell to the 71st,118,March,Queens Own Highlanders
MaKenzie's Farewell to Sutherland,118,March,Queens Own Highlanders
MacKenzie of Gairloch,117,March,Queens Own Highlanders
MacLeod's March,119,March,Queens Own Highlanders
MacPherson's Lament,120,March,Queens Own Highlanders
The Maids of Kintail,121,March,Queens Own Highlanders
Major John MacLennan,122,March,Queens Own Highlanders
Major Normal Orr Ewing,124,March,Queens Own Highlanders
The March to the Battlefield,125,March,Queens Own Highlanders
Master Michael Martin,126,March,Queens Own Highlanders
The Meeting of the Waters,128,March,Queens Own Highlanders
The Midlothian Pipe Band,123,March,Queens Own Highlanders
Mis Delicia Chisholm,129,March,Queens Own Highlanders
Mrs MacLeod of Raasay,127,March,Queens Own Highlanders
The Muckin o Geordie's Byre,131,March,Queens Own Highlanders
The Murray's Welcome to the 79th,130,March,Queens Own Highlanders
My Love she's but a lassie yet,131,March,Queens Own Highlanders
My Native Highland Home,132,March,Queens Own Highlanders
The new year's Gift,133,March,Queens Own Highlanders
The Old Rustic Bridge,133,March,Queens Own Highlanders
Pipe Major Wm. Ross's Farewell to the Scots Guards,134,March,Queens Own Highlanders
The Piper's Cave,134,March,Queens Own Highlanders
The Portree Men,135,March,Queens Own Highlanders
The Quaker's Wife,136,March,Queens Own Highlanders
Roy of the Glen,136,March,Queens Own Highlanders
Scotland's Gallant Soldiers,139,March,Queens Own Highlanders
Scotland is my ain hame,137,March,Queens Own Highlanders
The Siege of Delhi,138,March,Queens Own Highlanders
Sir Colin Mackenzie,140,March,Queens Own Highlanders
The Smith's a Gallant Fireman,139,March,Queens Own Highlanders
The Steam Boat,140,March,Queens Own Highlanders
The Sweet Maid of Glendaruel,141,March,Queens Own Highlanders
The Thief of Lochaber,141,March,Queens Own Highlanders
The Top of Ben Lomond,142,March,Queens Own Highlanders
The Wee man at the Loom,144,March,Queens Own Highlanders
The White Cockade,143,March,Queens Own Highlanders
Within a mile o' Edinburgh Town,144,March,Queens Own Highlanders
With Wellesley's Rifles at Keren,145,March,Queens Own Highlanders
1st Battalion's Queen's Own Cameron Highlanders' Welcome to Edinburgh,146,March,Queens Own Highlanders
2nd Battalion Queen's Own Cameron Highlanders Farewell to Slonika,148,March,Queens Own Highlanders
The 72nd Highlanders Farewell to Aberdeen,147,March,Queens Own Highlanders
The 72nd Highlanders Farewell to Edinburgh,152,March,Queens Own Highlanders
The 72nd Highlanders Gathering 1901,150,March,Queens Own Highlanders
The 78th Highlanders's Farewell to Fort George,150,March,Queens Own Highlanders
The 78th Walk Round (Liverpool Hornpipe),149,March,Queens Own Highlanders
Aspen Bank,153,Strathspey,Queens Own Highlanders
The Back of the Change House,154,Strathspey,Queens Own Highlanders
Balmoral Castle,154,Strathspey,Queens Own Highlanders
Because he was a Bonnie Lad,155,Strathspey,Queens Own Highlanders
Brahan Castle,155,Strathspey,Queens Own Highlanders
Brechin Castle,154,Strathspey,Queens Own Highlanders
The Brig' of Perth,153,Strathspey,Queens Own Highlanders
Captain Horn,155,Strathspey,Queens Own Highlanders
Captain Jack Murray,156,Strathspey,Queens Own Highlanders
Cutty's Wedding,156,Strathspey,Queens Own Highlanders
The Devil in the Kitchen,157,Strathspey,Queens Own Highlanders
The Duke of Gordon's Birthday,157,Strathspey,Queens Own Highlanders
The Highland society of London,158,Strathspey,Queens Own Highlanders
The Highlands of Banffshire,158,Strathspey,Queens Own Highlanders
Lady Mackenzie of Fairburn,159,Strathspey,Queens Own Highlanders
Lady Madeine Sinclair,159,Strathspey,Queens Own Highlanders
Lord Blantyre,160,Strathspey,Queens Own Highlanders
Loudon's Bonnie Woods and Braes,160,Strathspey,Queens Own Highlanders
MacPhedran's Strathspey,160,Strathspey,Queens Own Highlanders
Major AF MacGillivray,162,Strathspey,Queens Own Highlanders
Maggie Cameron,161,Strathspey,Queens Own Highlanders
The Market Place of Inverness,162,Strathspey,Queens Own Highlanders
Miss Drummond of Perth,163,Strathspey,Queens Own Highlanders
Munlochy Bridge,163,Strathspey,Queens Own Highlanders
O'er the Bows to Ballindalloch,164,Strathspey,Queens Own Highlanders
O'er the moor among the Heather,164,Strathspey,Queens Own Highlanders
Rthe Rothiemurchus Rant,164,Strathspey,Queens Own Highlanders
Sandy King's Breeks,165,Strathspey,Queens Own Highlanders
Stirling Castle,165,Strathspey,Queens Own Highlanders
Thick lies the mist on yonder hill,166,Strathspey,Queens Own Highlanders
"When you go to the hill, take your gun",166,Strathspey,Queens Own Highlanders
The Apple Tree,167,Reel,Queens Own Highlanders,,,changed to putting the 'The' after the name for A-Z sorting
The Ale is dear,167,Reel,Queens Own Highlanders
"Ball that was in Oban, The",168,Reel,Queens Own Highlanders
"Bonnier Black Haired Laddie, The",168,Reel,Queens Own Highlanders
"Caithness Reel, The",168,Reel,Queens Own Highlanders
"Charms of Whisky, The",169,Reel,Queens Own Highlanders
"Christmas Carousal, The",169,Reel,Queens Own Highlanders
"De'il among the Tailors, The",170,Reel,Queens Own Highlanders
Duntroon Castle,170,Reel,Queens Own Highlanders
Eastwood Cottage,171,Reel,Queens Own Highlanders
"Fairy Dance, The",172,Reel,Queens Own Highlanders
General Stewart of Garth,172,Reel,Queens Own Highlanders
"Highway to Linton, The",172,Reel,Queens Own Highlanders
Jenny Dang the Weaver,173,Reel,Queens Own Highlanders
Jock Wilson's Ball,173,Reel,Queens Own Highlanders
John MacKenzie,174,Reel,Queens Own Highlanders
"Kilt is my delight, The",174,Reel,Queens Own Highlanders
"Lads of Mull, The",174,Reel,Queens Own Highlanders
Lady Seaforth,175,Reel,Queens Own Highlanders
Loch Tay Side,175,Reel,Queens Own Highlanders
Lord James Murray,175,Reel,Queens Own Highlanders
Mackays's Reel,176,Reel,Queens Own Highlanders
"MacKenzie's Reel, The",176,Reel,Queens Own Highlanders
Marion and Donald,177,Reel,Queens Own Highlanders
"Mason's Apron, the",177,Reel,Queens Own Highlanders
Miss Girdle,176,Reel,Queens Own Highlanders
Mrs MacLeod of Raasay,178,Reel,Queens Own Highlanders
Mungo Campell,178,Reel,Queens Own Highlanders
"Piper of Dummond, The",179,Reel,Queens Own Highlanders
"Piper and the Dairy Maid, The",179,Reel,Queens Own Highlanders
Sandy Cameron,180,Reel,Queens Own Highlanders
Sandy Duff,181,Reel,Queens Own Highlanders
"Smith of chiliechassie, The",181,Reel,Queens Own Highlanders
Sleepy Maggie,182,Reel,Queens Own Highlanders
Speed the Plough,183,Reel,Queens Own Highlanders
Tail Toddle,182,Reel,Queens Own Highlanders
"Three Girls of Portree, The",182,Reel,Queens Own Highlanders
Willie Murray,183,Reel,Queens Own Highlanders
Cabar Feidh Gu Brath,184,Ceol Mor,Queens Own Highlanders
Salute to the Queen's Own Highlanders,186,Ceol Mor,Queens Own Highlanders
Angus MacKinnon,2,March,The Edcath Collection Book 1
"Black Watch polka, The",4,Polka,The Edcath Collection Book 1
"Bowhill Pipe Bankds, Welcome to Grangemouth",6,March,The Edcath Collection Book 1
"Braes of Stathblane, The",8,March,The Edcath Collection Book 1
Chrissie MacLoed,10,Strathspey,The Edcath Collection Book 1
Colonel HH Burney's Farewell to the Gordon Highlanders,12,March,The Edcath Collection Book 1
Crossing the Minch,14,Hornpipe,The Edcath Collection Book 1
Duncan finlay's Reel,16,Reel,The Edcath Collection Book 1
Dundee City Police Pipe Band,18,March,The Edcath Collection Book 1
"Edinburgh Ladies' Pipe Band, The",20,March,The Edcath Collection Book 1
"Flora, Mrs MacLeod of MacLeod",22,Reel,The Edcath Collection Book 1
Gliding to arnhem,24,March,The Edcath Collection Book 1
"Hen's March, The",26,Jig,The Edcath Collection Book 1
"Highland Wedding, The",22,Reel,The Edcath Collection Book 1
"Hugh Kennedy, MA, BSc",28,March,The Edcath Collection Book 1
Isobel Cunningham,30,March,The Edcath Collection Book 1
J Carnbegies's March,32,March,The Edcath Collection Book 1
Kirkhill,34,March,The Edcath Collection Book 1
Kirkwall Bay,36,Strathspey,The Edcath Collection Book 1
"Laird o' Dumblair, The",10,March,The Edcath Collection Book 1
Lord MacPherson of Drumochter,38,March,The Edcath Collection Book 1
"Lost Feather Bonnet, The",40,March,The Edcath Collection Book 1
"Major CM Usher, OBE",42,Reel,The Edcath Collection Book 1
Major David Manson,44,March,The Edcath Collection Book 1
Master David Anderson Shand,46,March,The Edcath Collection Book 1
Muirhead's Pipe Band,48,Reel,The Edcath Collection Book 1
"Pigeon on the Gate, The",50,March,The Edcath Collection Book 1
Pipe Major Donald S Ramsay,52,Reel,The Edcath Collection Book 1
Rachael Rae,50,Jig,The Edcath Collection Book 1
"Riggin O' Fife, The",54,March,The Edcath Collection Book 1
Rory Macleod,56,Jig,The Edcath Collection Book 1
Salute to tMr Winston Churchill,58,March,The Edcath Collection Book 1
"Shetland Fiddler, The",60,Reel,The Edcath Collection Book 1
"St Catherines Pipe Band, The",62,March,The Edcath Collection Book 1
Stirling Muir,64,March,The Edcath Collection Book 1
Willie Roy's Loomhouse,60,Reel,The Edcath Collection Book 1
8th Argylls march through Vienna,66,March,The Edcath Collection Book 1
10th Bn. Highland Light Infantry crossing the Rhine,58,March,The Edcath Collection Book 1
Bessie Brown,70,Jig,The Edcath Collection Book 1,,without drum settings
Braemar Gathering,71,March,The Edcath Collection Book 1
Captain Dugald MacCormick,72,March,The Edcath Collection Book 1
"Eighth Army, The",73,March,The Edcath Collection Book 1
Elizabeth Wilson,74,March,The Edcath Collection Book 1
Games Day at Aboyne,75,March,The Edcath Collection Book 1
Gena Macleod,76,Reel,The Edcath Collection Book 1
Ina Morrison,78,March,The Edcath Collection Book 1
Jessie's Welcome Home,77,Strathspey,The Edcath Collection Book 1
John D Burgess,80,March,The Edcath Collection Book 1
John MacDougall Gillies,81,Strathspey,The Edcath Collection Book 1
KOSB Leaving Sun Wai Camp,82,March,The Edcath Collection Book 1
"Marquis of Tullibardine, The",83,Reel,The Edcath Collection Book 1
Muldron Glen,84,March,The Edcath Collection Book 1
Pipe Major Donald MacLean of Lewis,85,March,The Edcath Collection Book 1
Pipe Major Hector MacLean,88,Strathspey,The Edcath Collection Book 1
Pipe Major Thomas MacAllister or The Links of Forth,86,March,The Edcath Collection Book 1
Pipe Major Wm. Gray,89,Jig,The Edcath Collection Book 1
Telnside Cottage,90,March,The Edcath Collection Book 1
"73rd's Farewell to Colchester, The",91,March,The Edcath Collection Book 1
"Alma, The",23,March,Logan's Complete Tutor
Annie of Blantyre,24,Other Tunes,Logan's Complete Tutor
Atholl Brose,31,Strathspey,Logan's Complete Tutor
"Atholl Highlanders', The",24,March,Logan's Complete Tutor
"Barren Rocks of Aden, The",7,March,Logan's Complete Tutor
"Braes of Balquhider, The",28,Reel,Logan's Complete Tutor
Brown Haired Maiden,6,March,Logan's Complete Tutor
Bruces's Address,16,March,Logan's Complete Tutor
"Cameron Men, The",35,March,Logan's Complete Tutor
Cam' ye by Atholl,16,March,Logan's Complete Tutor
Castle and Keys,21,March,Logan's Complete Tutor
Castle Grant,10,March,Logan's Complete Tutor
"Cock o' the North, The",2,March,Logan's Complete Tutor
Colonel MacDougall of dunolly's ,33,Reel,Logan's Complete Tutor
Colonel Stuart of Garth,26,Reel,Logan's Complete Tutor
"Crusader's March, The",11,March,Logan's Complete Tutor
Deil among the Tailors,17,Reel,Logan's Complete Tutor
Donald Campbell's Welcom to Glandale,34,March,Logan's Complete Tutor
Earl of Mansfield's March,12,March,Logan's Complete Tutor
East Wood Cottage,33,Reel,Logan's Complete Tutor
Erchless Castle,22,March,Logan's Complete Tutor
Fear Chul Charn - Culcharn's Strathspey,22,Strathspey,Logan's Complete Tutor
Follow my Highland Solder,32,March,Logan's Complete Tutor
Glendaruel Highlanders,16,March,Logan's Complete Tutor
Granny Duncan,36,Reel,Logan's Complete Tutor
"Haugh's of Cromdale, The",3,March,Logan's Complete Tutor
Highland Laddie,13,March,Logan's Complete Tutor
"Hills of Glenorchy, the",13,March,Logan's Complete Tutor
"Hills of Glentuim, The",33,March,Logan's Complete Tutor
Inverness Gathering,18,March,Logan's Complete Tutor
Inverness Rant,17,Reel,Logan's Complete Tutor
"Isle of Skye Local Militia, The",11,March,Logan's Complete Tutor
Lady Dorothea Stewart Murray,3,Reel,Logan's Complete Tutor
Lady Mackenzie of Fairburn,34,Strathspey,Logan's Complete Tutor
,,March,Logan's Complete Tutor
Lady Madelina Sinclair,27,Strathspey,Logan's Complete Tutor
"Lass of Richmond Hill, The",4,March,Logan's Complete Tutor
Lochaber No More,9,Slow March,Logan's Complete Tutor
Lord Lovat's Lament,1,Other Tunes,Logan's Complete Tutor
Lord Lovat's Strathspey,8,Strathspey,Logan's Complete Tutor
Lord Panmure's March,14,March,Logan's Complete Tutor
"Market Place of Inverness, The",26,Strathspey,Logan's Complete Tutor
"Marquis of Huntly's Farewell, The",12,Strathspey,Logan's Complete Tutor
Marquis of Tullibardine,8,Reel,Logan's Complete Tutor
Miss Drummond of Perth,29,Strathspey,Logan's Complete Tutor
Miss Girdle,28,Reel,Logan's Complete Tutor
Miss MacGregor's Favourite,21,March,Logan's Complete Tutor
Mrs MacLeod of Raasay,5,Reel,Logan's Complete Tutor
MacKenzie Highlanders',10,March,Logan's Complete Tutor
MacPherson's Lament,20,March,Logan's Complete Tutor
McKenzie's farewell to sutherland,30,March,Logan's Complete Tutor
"McKinnon's March, The",23,March,Logan's Complete Tutor
Neil Gow's Farewell to whkskey,31,March,Logan's Complete Tutor
"Nurse's Song, The",1,March,Logan's Complete Tutor
O'er the Muir amang the Heather,28,Strathspey,Logan's Complete Tutor
"Old Highland Air, an",35,March,Logan's Complete Tutor
"Princess of Wales, The",19,Reel,Logan's Complete Tutor
reel,30,Reel,Logan's Complete Tutor
Reel,36,Reel,Logan's Complete Tutor
reel of the MacFarlanes,29,Reel,Logan's Complete Tutor
Seann Triubhas,9,For Dancing,Logan's Complete Tutor
Speed the Plough,4,Reel,Logan's Complete Tutor
Stumpie,14,Strathspey,Logan's Complete Tutor
Will you go to the Isle of Skye?,30,Reel,Logan's Complete Tutor
72nd's Farewell to Aberdeen,5,March,Logan's Complete Tutor
72nd's Farewell to Gibraltar,15,March,Logan's Complete Tutor
"92nd Gordon Highlanders' March, The",6,March,Logan's Complete Tutor
Piobaireachd Exercises,37,Ceol Mor,Logan's Complete Tutor
Cha Till MacRuimein,43,March,Logan's Complete Tutor
Alex F Ibell,6,March,Donald Macleods Collection Book 3
"Battle of Waterloo, The",11,March,Donald Macleods Collection Book 3
Danny Campbells Walk Round,11,March,Donald Macleods Collection Book 3
Doctor Allan MacDonald,2,March,Donald Macleods Collection Book 3
Dornoch Highland Gathering,5,March,Donald Macleods Collection Book 3
Eilean Donan Castle,45,March,Donald Macleods Collection Book 3
Glendale,7,March,Donald Macleods Collection Book 3
Here we Part,50,March,Donald Macleods Collection Book 3
Invergordon,47,March,Donald Macleods Collection Book 3
John Bain Mackenzie,44,March,Donald Macleods Collection Book 3
Lochty House,9,March,Donald Macleods Collection Book 3
"Long Island, The",7,March,Donald Macleods Collection Book 3
Mary of Dunvegan,10,March,Donald Macleods Collection Book 3
Master Michael Martin,48,March,Donald Macleods Collection Book 3
Mr Duncan MacFadyen,3,March,Donald Macleods Collection Book 3
"Peat Fire, The",4,March,Donald Macleods Collection Book 3
Pipe Major RU Brown's welcome to Canada,8,March,Donald Macleods Collection Book 3
"Piper's prelude, The",4,March,Donald Macleods Collection Book 3
"93rd Highlanders Farewell to Edinburgh, The",1,March,Donald Macleods Collection Book 3
Captain Colin Campbell,16,Strathspey,Donald Macleods Collection Book 3
"Celtic Society, The",18,Strathspey,Donald Macleods Collection Book 3
Dalnahassaig,15,Strathspey,Donald Macleods Collection Book 3
"Gruagach, The",15,Strathspey,Donald Macleods Collection Book 3
Miss MacDonald of Viewfield,17,Strathspey,Donald Macleods Collection Book 3
Mrs Sutherland's Welcome to Portree,17,Strathspey,Donald Macleods Collection Book 3
Angus Ross of Kirtomy,21,Reel,Donald Macleods Collection Book 3
"Barn Dance, The",28,Reel,Donald Macleods Collection Book 3
Castlebay,22,Reel,Donald Macleods Collection Book 3
Cuaich Side,26,Reel,Donald Macleods Collection Book 3
Joe MacKenzie,23,Reel,Donald Macleods Collection Book 3
MacPherson's Rant,27,Reel,Donald Macleods Collection Book 3
Marquis of Tullibardine,28,Reel,Donald Macleods Collection Book 3
Murdo MacGillvray of Eoligarry,19,Reel,Donald Macleods Collection Book 3
Miss Ada MacDougall,27,Reel,Donald Macleods Collection Book 3
Traditional,20,Reel,Donald Macleods Collection Book 3
Borve Castle,14,Retreat,Donald Macleods Collection Book 3
Highland Mary,50,Retreat,Donald Macleods Collection Book 3
"True Lover's Lament, The",14,Retreat,Donald Macleods Collection Book 3
"Captain R Duke, RN",12,Slow Air,Donald Macleods Collection Book 3
Roderick of the Glen,12,Slow Air,Donald Macleods Collection Book 3
Tomnahurich,13,Slow Air,Donald Macleods Collection Book 3
"Wick Girls Pipe Band, The ",13,Slow Air,Donald Macleods Collection Book 3
Clydesdale,48,Hornpipe,Donald Macleods Collection Book 3
Doctor MacInnes's Fancy,49,Hornpipe,Donald Macleods Collection Book 3
Andrew paul,34,Jig,Donald Macleods Collection Book 3
Bellag the Drover,30,Jig,Donald Macleods Collection Book 3
Biddy from Sligo,31,Jig,Donald Macleods Collection Book 3
"Blackthorn Stick, The",29,Jig,Donald Macleods Collection Book 3
Charles Anderson,32,Jig,Donald Macleods Collection Book 3
"Bride's Jig, The (Lord Dunmore)",43,Jig,Donald Macleods Collection Book 3
Donald MacLennan's Tuning Phrase,35,Jig,Donald Macleods Collection Book 3
George Symon,31,Jig,Donald Macleods Collection Book 3
"Hammer on the Anvil, The",39,Jig,Donald Macleods Collection Book 3
Jig,30,Jig,Donald Macleods Collection Book 3
Judge's Dilemma,36,Jig,Donald Macleods Collection Book 3
Kenny Ross,42,Jig,Donald Macleods Collection Book 3
"Leg of a Duck, The",37,Jig,Donald Macleods Collection Book 3
"Northern Meeting Ceilidh, The",38,Jig,Donald Macleods Collection Book 3
Roddy MacKay,40,Jig,Donald Macleods Collection Book 3
"Thief of Lochaber, The",33,Jig,Donald Macleods Collection Book 3
Angela MacEachern,47,Jig,Donald Macleods Collection Book 4
Annie Anderson,8,March,Donald Macleods Collection Book 4
Archie MacPhail,41,Retreat,Donald Macleods Collection Book 4
Atholl Cummers,52,Jig,Donald Macleods Collection Book 4
Banks of the Losie,15,Regimental Tunes,Donald Macleods Collection Book 4
Black Isle,20,Regimental Tunes,Donald Macleods Collection Book 4
Bonny Breast Knot,12,March,Donald Macleods Collection Book 4
Butter fingers,44,Jig,Donald Macleods Collection Book 4
"Cannister, The",48,Jig,Donald Macleods Collection Book 4
Catriona MacDonald,16,March,Donald Macleods Collection Book 4
Clachnaharry,10,March,Donald Macleods Collection Book 4
Col JM Grant,9,March,Donald Macleods Collection Book 4
Criagh-a-Bodich,31,Strathspey,Donald Macleods Collection Book 4
Cronan (a Lullaby),2,Slow Air,Donald Macleods Collection Book 4
Dalintober,22,March,Donald Macleods Collection Book 4
Donald camerons's Powder-horn,50,Jig,Donald Macleods Collection Book 4
Dr Alexander Bisset of Islay,18,March,Donald Macleods Collection Book 4
"Duck, The",45,Jig,Donald Macleods Collection Book 4
Falls of Forsy,30,Strathspey,Donald Macleods Collection Book 4
"Ferrymans's Reel, The",36,Reel,Donald Macleods Collection Book 4
Flett from Flotta,26,March,Donald Macleods Collection Book 4
Geese in the Bog,46,Jig,Donald Macleods Collection Book 4
Glasgow Highland Club,5,Slow Air,Donald Macleods Collection Book 4
Glendale,25,March,Donald Macleods Collection Book 4
Hail to My Country,28,Ceol Mor,Donald Macleods Collection Book 4
Hebridean Polka,19,Polka,Donald Macleods Collection Book 4
"Island Lullaby, an",2,Slow Air,Donald Macleods Collection Book 4
Jimmy Boyce's Fancy,55,Hornpipe,Donald Macleods Collection Book 4
Keel Row (a Reel),37,Reel,Donald Macleods Collection Book 4
Knightswood Ceilidh,11,March,Donald Macleods Collection Book 4
Lady Anne MacKenzie's Farewell to Rosehaugh,14,March,Donald Macleods Collection Book 4
Laird of Tollcross,17,March,Donald Macleods Collection Book 4
Lochboisdale,27,Strathspey,Donald Macleods Collection Book 4
Loch MacLeod,20,Regimental Tunes,Donald Macleods Collection Book 4
MacAn Irish,32,Strathspey,Donald Macleods Collection Book 4
MacKay of Strathhalladale,25,March,Donald Macleods Collection Book 4
Malcolm Ferguson,4,Slow Air,Donald Macleods Collection Book 4
Man from Skye,54,Hornpipe,Donald Macleods Collection Book 4
Miss Dumbreck,40,Reel,Donald Macleods Collection Book 4
Mrs Arthur MacKerran,3,Slow Air,Donald Macleods Collection Book 4
Neil Angus MacDonald,35,Reel,Donald Macleods Collection Book 4
Nine Pint Cogie,39,Reel,Donald Macleods Collection Book 4
"Old Dirk, The",5,Slow Air,Donald Macleods Collection Book 4
"Persevering Lover, The",23,March,Donald Macleods Collection Book 4
"Piper's Polka, The",7,March,Donald Macleods Collection Book 4
Pipe Major Donald MacLean of Lewis,21,March,Donald Macleods Collection Book 4
Pipe Major Donald MacLeod's Farewell to Fort George,6,March,Donald Macleods Collection Book 4
Pipe Major George Allan,56,Hornpipe,Donald Macleods Collection Book 4
Primrose Hill,24,March,Donald Macleods Collection Book 4
"Road to Balquihidder, The",26,March,Donald Macleods Collection Book 4
Roderick MacDonald's Favourite,27,Strathspey,Donald Macleods Collection Book 4
"Shaggy Grey Buck, The",42,March,Donald Macleods Collection Book 4
Stornoway Bay,15,March,Donald Macleods Collection Book 4
Stornoway Hornpipe,57,March,Donald Macleods Collection Book 4
Summer Isles,3,March,Donald Macleods Collection Book 4
Susan MacLeod,34,Strathspey,Donald Macleods Collection Book 4
Third Seaforth Highlanders,13,March,Donald Macleods Collection Book 4
Thompson's Dirk,38,Reel,Donald Macleods Collection Book 4
Traditional Reel,40,Reel,Donald Macleods Collection Book 4
Whatever Moreover,49,Jig,Donald Macleods Collection Book 4
White Rock,1,Slow Air,Donald Macleods Collection Book 4
"Abercairney Highlanders, The",1,March,W. Ross's Collection Book 1
Angus Campbell's Farewell To Stirlin,52,March,W. Ross's Collection Book 1
Athole Cummers,36,Strathspey,W. Ross's Collection Book 1
"Baldooser, The",43,Jig,W. Ross's Collection Book 1
Blair Drummond,39,Strathspey,W. Ross's Collection Book 1
Bonnie Ann,16,March,W. Ross's Collection Book 1
"Braemar Highlanders, The",18,March,W. Ross's Collection Book 1
Bridge of Perth,32,Reel,W. Ross's Collection Book 1
Brig General Ronald Cheape of Tiroran,13,March
Ca' the Ewes,26,Reel,W. Ross's Collection Book 1
Cameronian Rant,7,Reel,W. Ross's Collection Book 1
Cannich Bridge,42,Jig,W. Ross's Collection Book 1
Capt Jack Murray,50,Strathspey,W. Ross's Collection Book 1
Capt Norman Orr Ewing,9,March,W. Ross's Collection Book 1
Capt PD Wallace,6,March,W. Ross's Collection Book 1
Charles Edward Hope Vere,21,March,W. Ross's Collection Book 1
Charlie's Welcome,25,Reel,W. Ross's Collection Book 1
Craig-n-Darroch,15,March,W. Ross's Collection Book 1
Delvinside,40,Strathspey,W. Ross's Collection Book 1
"Edinburgh Volunteers, The",3,March,W. Ross's Collection Book 1
Eight men of Moidart,33,Reel,W. Ross's Collection Book 1
"Flaggon, The",28,Reel,W. Ross's Collection Book 1
"Glengarry Gathering, The",4,March,W. Ross's Collection Book 1
"Highland Wedding, The",22,March,W. Ross's Collection Book 1
"Hill of South Uist, The",14,March,W. Ross's Collection Book 1
Hugh Calder,50,Strathspey,W. Ross's Collection Book 1
Ian MacLeod,24,Slow March,W. Ross's Collection Book 1
Jacky Latin,34,Reel,W. Ross's Collection Book 1
John Mackechnie,30,Reel,W. Ross's Collection Book 1
Kantara to El. Arish,12,March,W. Ross's Collection Book 1
Leaving glendale,8,March,W. Ross's Collection Book 1
MacAllister's Dirk,29,Reel,W. Ross's Collection Book 1
malcolm Macpherson,42,Jig,W. Ross's Collection Book 1
Miss Proud,47,Reel,W. Ross's Collection Book 1
Mrs High Calder,19,March,W. Ross's Collection Book 1
Mrs HL Macdonald of Dunach,10,March,W. Ross's Collection Book 1
"Piper's Bonnet, The",38,Strathspey,W. Ross's Collection Book 1
Pretty Lillian,11,March,W. Ross's Collection Book 1
Pretty Marion,48,Reel,W. Ross's Collection Book 1
"Rejected Suitor, The",27,Reel,W. Ross's Collection Book 1
"Shaggy Grey Buck, The",44,Jig,W. Ross's Collection Book 1
South Uist Golf Club,35,Strathspey,W. Ross's Collection Book 1
"Stirlinshire Militia, The",51,March,W. Ross's Collection Book 1
Struy Lodge,33,Reel,W. Ross's Collection Book 1
Tulloch Gorm,41,Strathspey,W. Ross's Collection Book 1
Willie Gray,35,Strathspey,W. Ross's Collection Book 1
Angus MacRae,41,Reel,W. Ross's Collection Book 2
Arniston Castle,24,Strathspey,W. Ross's Collection Book 2
"Barley Mow, The",20,Jig,W. Ross's Collection Book 2,and page 46
"Black Mill, the ",45,Reel,W. Ross's Collection Book 2
"Bob of Fettercairn, the",26,Strathspey,W. Ross's Collection Book 2
Cabar Feidh,22,Strathspey,W. Ross's Collection Book 2
"Captain Batchelor, Glasgow Academy",16,March,W. Ross's Collection Book 2
Cecily Ross,42,Reel,W. Ross's Collection Book 2
"Clan Mac Coll, The",7,March,W. Ross's Collection Book 2
Clemetina,32,Reel,W. Ross's Collection Book 2
Cluny's,29,Strathspey,W. Ross's Collection Book 2
Colonel MacLeod,28,Strathspey,W. Ross's Collection Book 2
"Crags of Stirling, The",9,March,W. Ross's Collection Book 2
Doctor MacLeod of Alnwick,5,March,W. Ross's Collection Book 2
Donachd Head,20,Jig,W. Ross's Collection Book 2
"Duke of Edinburgh, The",30,Strathspey,W. Ross's Collection Book 2
"Ewe  with the Crooked Horn, The",21,Strathspey,W. Ross's Collection Book 2
"Helmsdale Fishers, The",19,Jig,W. Ross's Collection Book 2
Jamie Ray,20,Jig,W. Ross's Collection Book 2
John MacColl's Farewell to the Scottish Horse,8,March,W. Ross's Collection Book 2
John MacGregor Murray's March,4,March,W. Ross's Collection Book 2
John Morrison Esq of Assynt House,14,March,W. Ross's Collection Book 2
John Paterson's Mare,17,Jig,W. Ross's Collection Book 2
Kilberry castle,6,March,W. Ross's Collection Book 2
Lady Madelina Sinclair,29,Strathspey,W. Ross's Collection Book 2
Leaving Port Askaig,13,March,W. Ross's Collection Book 2
Leaving St Kilda,30,Slow Air,W. Ross's Collection Book 2
Loch an Duin,31,Reel,W. Ross's Collection Book 2
Lochiel's away to France,33,Reel,W. Ross's Collection Book 2
Lonach Gathering,3,March,W. Ross's Collection Book 2
Lord alexander kennedy,10,March,W. Ross's Collection Book 2
Lord MacDonald,38,Reel,W. Ross's Collection Book 2
MacBeth's Strathspey,23,Strathspey,W. Ross's Collection Book 2
MacLennan's Overcoat,28,Strathspey,W. Ross's Collection Book 2
Maggie Cameron,25,Strathspey,W. Ross's Collection Book 2
"Maids of Kintail, The",12,March,W. Ross's Collection Book 2
Malcolm Johnston,34,Reel,W. Ross's Collection Book 2
Mo Chuachag Laghach Thu,31,Reel,W. Ross's Collection Book 2
Mrs Pat MacLaren,1,March,W. Ross's Collection Book 2
"Old Ruins, The",44,Reel,W. Ross's Collection Book 2
Over the Isles to America,35,Reel,W. Ross's Collection Book 2
Pandonra's reel,32,Reel,W. Ross's Collection Book 2
Pipe Major W Ross's Welcome to Sutherland,15,March,W. Ross's Collection Book 2
Sandy Cameron,39,Reel,W. Ross's Collection Book 2
"Seventy First's Highlanders, The",2,March,W. Ross's Collection Book 2
"Sheepwife, The",36,Reel,W. Ross's Collection Book 2
"Shepherd's Crook, the",27,Strathspey,W. Ross's Collection Book 2
"Smith of ChillieChassie, the",40,Reel,W. Ross's Collection Book 2
Theid mi dhachaidh 'chro chinn t-saile,45,Slow Air,W. Ross's Collection Book 2
Thompson's Dirk,43,Reel,W. Ross's Collection Book 2
Willie The Tailor,19,Jig,W. Ross's Collection Book 2
Queen Elizabeth's March,1a,March,W. Ross's Collection Book 3
The Duke of Rxburgh's farewell to the Blackmount,2,March,W. Ross's Collection Book 3
The Laird of Luss,4,March,W. Ross's Collection Book 3
Kiloran Bay,5,March,W. Ross's Collection Book 3
Dunvegan castle,6,March,W. Ross's Collection Book 3
Colin Thomson,7,March,W. Ross's Collection Book 3
Lewis Beaton,8,March,W. Ross's Collection Book 3
Scotland's Salute to the Home Guards,9,March,W. Ross's Collection Book 3
The Australian Ladies,10,March,W. Ross's Collection Book 3
Lachlan MacLean's Welcome to rockcliffe,11,March,W. Ross's Collection Book 3
Falconer Wallace Esq of Candacraig,12,March,W. Ross's Collection Book 3
Parker's Welcome to Perthsire,13,March,W. Ross's Collection Book 3
Captain Campbell of Dum a Voisk,15,March,W. Ross's Collection Book 3
The Young MacGregor,16,March,W. Ross's Collection Book 3
Benderloch Bay,17,March,W. Ross's Collection Book 3
The Rossshire Volunteers,18,March,W. Ross's Collection Book 3
Colonel Davidson,19,March,W. Ross's Collection Book 3
The MacNeill's March,20,March,W. Ross's Collection Book 3
Donald Cameron,21,March,W. Ross's Collection Book 3
Captain Campbell of glendaruel,23,March,W. Ross's Collection Book 3
The Duchess of Edinburh,24,March,W. Ross's Collection Book 3
Lord David Douglas Hammilton's Wedding March,47,March,W. Ross's Collection Book 3
Struan Robertson,25,Strathspey,W. Ross's Collection Book 3
John Roy Stewart,26,Strathspey,W. Ross's Collection Book 3
The Doune of Invernochty,27,Strathspey,W. Ross's Collection Book 3
The Caledonian Canal,28,Strathspey,W. Ross's Collection Book 3
Peter Baillie,28,Strathspey,W. Ross's Collection Book 3
Monymusk,29,Strathspey,W. Ross's Collection Book 3
The man of glengarry,30,Reel,W. Ross's Collection Book 3
the Dog's Ferry,31,Reel,W. Ross's Collection Book 3
Captain Duff,32,Reel,W. Ross's Collection Book 3
The Black Cocks of Berriedale,33,Reel,W. Ross's Collection Book 3
John Wilson's Ball,34,Reel,W. Ross's Collection Book 3
The Duke of Richmond's Reel,35,Reel,W. Ross's Collection Book 3
Brochan Lom,36,Reel,W. Ross's Collection Book 3
Cabar Feidh,37,Reel,W. Ross's Collection Book 3
The old wife of =Raasay,38,Reel,W. Ross's Collection Book 3
Master James M Diack,39,Reel,W. Ross's Collection Book 3
Cha tig Mor mo bhean dhachaidh,40,Slow Air,W. Ross's Collection Book 3
Leaving Ardtornish,40,Slow Air,W. Ross's Collection Book 3
Finlay MacKenzie,41,Jig,W. Ross's Collection Book 3
Cork Hill,42,Jig,W. Ross's Collection Book 3
The Kitchenmaid,43,Jig,W. Ross's Collection Book 3
Brae Riach,44,Jig,W. Ross's Collection Book 3
Conal an dranndain (The Grumbling carle),45,Jig,W. Ross's Collection Book 3
Calleach an Dudain (the old wife of the mill dust),46,Jig,W. Ross's Collection Book 3
The Scottish Horseman's Farewell March,48,March,W. Ross's Collection Book 3
Angus MacPherson of Inveran,20,March,W. Ross's Collection Book 4
Archibald Campbell of Kilberry,28,March,W. Ross's Collection Book 4
Arthur Bignold of Lochrosque,26,March,W. Ross's Collection Book 4
"Balmoral Highlanders, The",22,March,W. Ross's Collection Book 4
"Braes of Brecklet, The",23,March,W. Ross's Collection Book 4
"Burning of the Piper's Hut, The",1,March,W. Ross's Collection Book 4
Cairo to Tunis,4,March,W. Ross's Collection Book 4
"Conundrum, The",16,March,W. Ross's Collection Book 4
"Dunkeld Highlanders, The",32,March,W. Ross's Collection Book 4
"Glasgow Caithness Centenary Gathering, The",29,March,W. Ross's Collection Book 4
"Highland Division at Akarit, The",6,March,W. Ross's Collection Book 4
"Marchioness of Tullibardine, The",14,March,W. Ross's Collection Book 4
Millbank Cottage,18,March,W. Ross's Collection Book 4
Mrs Margaret Anderson of Craigellachie,7,March,W. Ross's Collection Book 4
Maclean of Pennycross,8,March,W. Ross's Collection Book 4
"Relief of Ladysmith, The",10,March,W. Ross's Collection Book 4
Royal Scottish Pipers Society,2,March,W. Ross's Collection Book 4
J Doulas Ramsay Esq of Banff,12,March,W. Ross's Collection Book 4
"51st Highland Division, The",31,March,W. Ross's Collection Book 4
"74th's Arewell to Edinburgh, The",24,March,W. Ross's Collection Book 4
"75th's entry to Tripoli, The",30,March,W. Ross's Collection Book 4
"78th Regiment, The",27,March,W. Ross's Collection Book 4
"93rd's Farewell to Parkhurst, The",27,March,W. Ross's Collection Book 4
Aberlour House,31,Strathspey,W. Ross's Collection Book 4
Balmoral Castle,34,Strathspey,W. Ross's Collection Book 4
Dorrotor Bridge,35,Strathspey,W. Ross's Collection Book 4
"Downie Weaver, The",32,Strathspey,W. Ross's Collection Book 4
"Fourth of June, The",36,Strathspey,W. Ross's Collection Book 4
Lady Loudon,37,Strathspey,W. Ross's Collection Book 4
Mrs MacDonald of Dunach,34,Strathspey,W. Ross's Collection Book 4
Nellie's Strathspey,33,Strathspey,W. Ross's Collection Book 4
Roderick MacDonald,33,Strathspey,W. Ross's Collection Book 4
Bristly beard,43,Reel,W. Ross's Collection Book 4
Colonel MacLeod,42,Reel,W. Ross's Collection Book 4
Duntroon,41,Reel,W. Ross's Collection Book 4
"Grey Bob, The",39,Reel,W. Ross's Collection Book 4
"Merry Maids of Sunnyside, The",38,Reel,W. Ross's Collection Book 4
Scorrybreck Falls,40,Reel,W. Ross's Collection Book 4
Wren's Death,43,Reel,W. Ross's Collection Book 4
Auntie Cairistion,45,Jig,W. Ross's Collection Book 4
Kenny would dance with the maid,44,Jig,W. Ross's Collection Book 4
Mike Cassidy,47,Jig,W. Ross's Collection Book 4
Minnie Hynd,46,Jig,W. Ross's Collection Book 4
Paddy's leather breeches,44,Jig,W. Ross's Collection Book 4
Cuart Nam Fie-eun Og (The fliht of the Eaglets) (MacRoberts Lament),48,Slow Air,W. Ross's Collection Book 4,MacRoberts Lament
Loch Monar,48,Slow Air,W. Ross's Collection Book 4
"Countess of Dysarts Welcome to Edinburgh Castle, The",50,Retreat,W. Ross's Collection Book 4
Heroes of Dunkirk,49,Retreat,W. Ross's Collection Book 4
Balgie Burn,21,March,Fourth Cowal Collection
Ballochyle,3,March,Fourth Cowal Collection
Ballygowan,12,March,Fourth Cowal Collection
Banacabbler,9,March,Fourth Cowal Collection
Bencorrum,10,March,Fourth Cowal Collection
Benmore,6,March,Fourth Cowal Collection
Castle Toward,4,March,Fourth Cowal Collection
Cowal Gathering,2,March,Fourth Cowal Collection
Dalinongart,19,March,Fourth Cowal Collection
Dunloskin,13,March,Fourth Cowal Collection
Dunans Castle,17,March,Fourth Cowal Collection
Gall Ruadh,19,March,Fourth Cowal Collection
Glen Finnart,18,March,Fourth Cowal Collection
glengarr,14,March,Fourth Cowal Collection
Glenmorag,8,March,Fourth Cowal Collection
Glenstriven,15,March,Fourth Cowal Collection
Hafton Woods,4,March,Fourth Cowal Collection
Knockdow,16,March,Fourth Cowal Collection
Puck's Glen,7,March,Fourth Cowal Collection
Stronsaul,11,March,Fourth Cowal Collection
Allan Dodd's Farewell to Scotland,1,March,More Music' Captain John A MacLennan
"Banks of the Skiach, The",2,March,More Music' Captain John A MacLennan
"Braes of Ben Bhraggie, The",3,March,More Music' Captain John A MacLennan
Conon Bridge,4,March,More Music' Captain John A MacLennan
Duncan MacNeill of Melfort,5,March,More Music' Captain John A MacLennan
"Eagle Piper's March, The",6,March,More Music' Captain John A MacLennan
General Collingwood's Farewell to Scottish Command,7,March,More Music' Captain John A MacLennan
"Invercharron Highland Gathering, The",8,March,More Music' Captain John A MacLennan
John Maccoll's March to Kilbowie Cottage,9,March,More Music' Captain John A MacLennan
"Ladies from Hell, The",10,March,More Music' Captain John A MacLennan
Leaving Glencoe,11,March,More Music' Captain John A MacLennan
Lt Colonel DR Maclennan-Queens own Highlanders,12,March,More Music' Captain John A MacLennan
Major David Macqueen,13,March,More Music' Captain John A MacLennan
Marchhall Crescent,14,March,More Music' Captain John A MacLennan
Muir of ord,15,March,More Music' Captain John A MacLennan
Murdo's Wedding,15,March,More Music' Captain John A MacLennan
Over the Crask,16,March,More Music' Captain John A MacLennan
"Patrick W sandeman, Esq",17,March,More Music' Captain John A MacLennan
Pipe major A Gordon Asher,18,March,More Music' Captain John A MacLennan
Pipe major George Stoddart REM,19,March,More Music' Captain John A MacLennan
"Prince's Street Parade, The",20,March,More Music' Captain John A MacLennan
"Royal Greek Guard, The",21,March,More Music' Captain John A MacLennan
Scotland's Welcome to the King of Norway,21,March,More Music' Captain John A MacLennan
"Tayside pipers' Society, The",22,March,More Music' Captain John A MacLennan
WRAC of the 51st (H) Division,23,March,More Music' Captain John A MacLennan
Callin mo Ruin-sa,23,Slow Air,More Music' Captain John A MacLennan
Lochbroom Bay,24,Slow Air,More Music' Captain John A MacLennan
"Mingulay Love Song, The",24,Slow Air,More Music' Captain John A MacLennan
The Boatman (Fear a Bhata),25,Retreat,More Music' Captain John A MacLennan
My Home Town,25,Retreat,More Music' Captain John A MacLennan
Athole Brose,26,Strathspey,More Music' Captain John A MacLennan
Glenelg Bay,27,Strathspey,More Music' Captain John A MacLennan
Lady Macdonald,28,Strathspey,More Music' Captain John A MacLennan
Monymustk,28,Strathspey,More Music' Captain John A MacLennan
Spirits of Old Pulteney,29,Strathspey,More Music' Captain John A MacLennan
Alick Cameron (Champion Piper),29,Reel,More Music' Captain John A MacLennan
Anon,30,Reel,More Music' Captain John A MacLennan
Broadford Bay,31,Reel,More Music' Captain John A MacLennan
"Country Girl and the Hungarian Fiddler, The",33,Reel,More Music' Captain John A MacLennan
Conal Crovi,32,Reel,More Music' Captain John A MacLennan
Daldownies Reel,34,Reel,More Music' Captain John A MacLennan
Flora Cameron's Reel,40,Reel,More Music' Captain John A MacLennan
Hugh Macdonald,35,Reel,More Music' Captain John A MacLennan
Johnnie Macdonals'd Reel,36,Reel,More Music' Captain John A MacLennan
Kalabakan,37,Reel,More Music' Captain John A MacLennan
Louden Hill,38,Reel,More Music' Captain John A MacLennan
Mackay From Skye,38,Reel,More Music' Captain John A MacLennan
Pipe Major Calum Campbell,40,Reel,More Music' Captain John A MacLennan
Pipe major Jimmy Pryde,42,Reel,More Music' Captain John A MacLennan
Spirits of Old Pulteney,41,Reel,More Music' Captain John A MacLennan
"Four Courts, The",43,Hornpipe,More Music' Captain John A MacLennan
GB Allan,44,Hornpipe,More Music' Captain John A MacLennan
John F Kennedy,45,Hornpipe,More Music' Captain John A MacLennan
newmarket House,46,Hornpipe,More Music' Captain John A MacLennan
Father O'Flynn,47,Jig,More Music' Captain John A MacLennan
Isla Macleod,49,Jig,More Music' Captain John A MacLennan
James Young,50,Jig,More Music' Captain John A MacLennan
"Northern Train, The",51,Jig,More Music' Captain John A MacLennan
"Pony Gallop, The",52,Jig,More Music' Captain John A MacLennan
"Road to Kintyre, The",53,Jig,More Music' Captain John A MacLennan
"Smith's Old Wife, The ",54,Jig,More Music' Captain John A MacLennan
Banks of the Kelvin,3,Slow Air,Seumas Macneill Collection Book 1
Bonnie Coll,1,Slow Air,Seumas Macneill Collection Book 1
Fair Maid of Barra,1,Slow Air,Seumas Macneill Collection Book 1
Kintail,2,Slow Air,Seumas Macneill Collection Book 1
MacGreor of Ruara,2,Slow Air,Seumas Macneill Collection Book 1
MacLeod's Oran Mor,3,Slow Air,Seumas Macneill Collection Book 1
MacNeill's Oran Mor,4,Slow Air,Seumas Macneill Collection Book 1
Tir nan Og,4,Slow Air,Seumas Macneill Collection Book 1
"Balmoral Highlanders, The",5,March,Seumas Macneill Collection Book 1
David Ross,6,March,Seumas Macneill Collection Book 1
Duncan Johnston,15,March,Seumas Macneill Collection Book 1
1st Farewell to Egypt,20,March,Seumas Macneill Collection Book 1
Jeannie Carruthers,8,March,Seumas Macneill Collection Book 1
John MacDonald of Glencoe,9,March,Seumas Macneill Collection Book 1
John MacFadyen of Melfort,10,March,Seumas Macneill Collection Book 1
Hugh Macphee,7,March,Seumas Macneill Collection Book 1
Camak-San,17,March,Seumas Macneill Collection Book 1
Lyndhurst,14,March,Seumas Macneill Collection Book 1
Major byng M Wright,11,March,Seumas Macneill Collection Book 1
Miss Forbes Farewell to Banff,12,March,Seumas Macneill Collection Book 1
Ranald Beag,16,March,Seumas Macneill Collection Book 1
Sandy Clark,18,March,Seumas Macneill Collection Book 1
Seumas MacNeill,19,March,Seumas Macneill Collection Book 1
74th's Farewell to Edinburgh,13,March,Seumas Macneill Collection Book 1
Islay Ball,21,Strathspey,Seumas Macneill Collection Book 1
Maggie Cameron,25,Strathspey,Seumas Macneill Collection Book 1
Mrs Donald MacPherson,23,Strathspey,Seumas Macneill Collection Book 1
Neil sutherland of Lairg,24,Strathspey,Seumas Macneill Collection Book 1
Stemster Loch,22,Strathspey,Seumas Macneill Collection Book 1
Back of the Moon,27,Reel,Seumas Macneill Collection Book 1
Donald MacPhee,26,Reel,Seumas Macneill Collection Book 1
Angus C MacLeod of Scalpay,28,Jig,Seumas Macneill Collection Book 1
Banks of the Allan,36,Jig,Seumas Macneill Collection Book 1
Braes of Melinish,32,Jig,Seumas Macneill Collection Book 1
Connaughtmans's Rambles,33,Jig,Seumas Macneill Collection Book 1
Echoes of Oban,29,Jig,Seumas Macneill Collection Book 1
Iain Grant,31,Jig,Seumas Macneill Collection Book 1
In sight of Ireland,30,Jig,Seumas Macneill Collection Book 1
Lady in the Bottle,27,Jig,Seumas Macneill Collection Book 1
Marjorie Lowe,34,Jig,Seumas Macneill Collection Book 1
Rakes of Kildare,35,Jig,Seumas Macneill Collection Book 1
Ronnie Lawries RAnt,38,Jig,Seumas Macneill Collection Book 1
Stool of repentance,37,Jig,Seumas Macneill Collection Book 1
Tending the cattle with a heavy heart,40,Jig,Seumas Macneill Collection Book 1
Jim Tweedies Sea Legs,39,Hornpipe,Seumas Macneill Collection Book 1
Blackbird,47,For Dancing,Seumas Macneill Collection Book 1
Devil in the Kitchen,42,For Dancing,Seumas Macneill Collection Book 1
Gillie Challum,44,For Dancing,Seumas Macneill Collection Book 1
High Road to Linton,47,For Dancing,Seumas Macneill Collection Book 1
Lord Blantyre,5,For Dancing,Seumas Macneill Collection Book 1
Marquis of Huntly,42,For Dancing,Seumas Macneill Collection Book 1
Mrs MacLeod of Raasay,46,For Dancing,Seumas Macneill Collection Book 1
Paddy o' Rafferty,48,For Dancing,Seumas Macneill Collection Book 1
Sean Truibhais,43,For Dancing,Seumas Macneill Collection Book 1
Reel of Tulloch,45,For Dancing,Seumas Macneill Collection Book 1
Col JC Ball,2,Slow March,The Edcath Collection Book 2
I must rise and gang awa,1,Slow March,The Edcath Collection Book 2
Leaving Lismore,1,Slow March,The Edcath Collection Book 2
Schiehallion,3,Retreat,The Edcath Collection Book 2
"15th Scottish Division, The",3,Retreat,The Edcath Collection Book 2
Cross Roads,11,March,The Edcath Collection Book 2
Dr Alistair C MacLaren,6,March,The Edcath Collection Book 2
Dr EG MacKinnon,15,March,The Edcath Collection Book 2
"Dundee Military Tattoo, The",8,March,The Edcath Collection Book 2
Highland Mist,12,March,The Edcath Collection Book 2
Jimmy Young,5,March,The Edcath Collection Book 2
Morag Ramsay,13,March,The Edcath Collection Book 2
Mrs Donald Macpherson of New York,10,March,The Edcath Collection Book 2
Murdo MacLeod,7,March,The Edcath Collection Book 2
Pipe Major Ian M MacLeod,4,March,The Edcath Collection Book 2
"Skymen of Arnhem, The",9,March,The Edcath Collection Book 2
Tam Bain's Lum,14,March,The Edcath Collection Book 2
"Banks of the Farrar, The",16,March,The Edcath Collection Book 2
Captain IR MacHorton,27,March,The Edcath Collection Book 2
eneral Montgomery,17,March,The Edcath Collection Book 2
"Hills o' Biggar, The",24,March,The Edcath Collection Book 2
Kenneth J MacLeod,22,March,The Edcath Collection Book 2
Mrs Lily Christie,23,March,The Edcath Collection Book 2
Murray House,18,March,The Edcath Collection Book 2
Pipe Major Donald Shaw Ramsay,19,March,The Edcath Collection Book 2
Pipe Major John Kerr-Fallin,25,March,The Edcath Collection Book 2
Pipe Major Sam Scott,26,March,The Edcath Collection Book 2
Rab's Wedding,20,March,The Edcath Collection Book 2
"10th ITC's Farewell to Inverness, The",21,March,The Edcath Collection Book 2
Betty Stathearn,28,Strathspey,The Edcath Collection Book 2
Donaldbane,33,Strathspey,The Edcath Collection Book 2
Edith Macpherson's goat,29,Strathspey,The Edcath Collection Book 2
Imphal,31,Strathspey,The Edcath Collection Book 2
Peat Reek,30,Strathspey,The Edcath Collection Book 2
Sporting Jamie,33,Strathspey,The Edcath Collection Book 2
Tulloch Castle,32,Strathspey,The Edcath Collection Book 2
Ann Murray,38,Reel,The Edcath Collection Book 2
Donald MacLean,34,Reel,The Edcath Collection Book 2
Dunse Dings A',35,Reel,The Edcath Collection Book 2
Margaret Kennedy,39,Reel,The Edcath Collection Book 2
Mairi Cecilia's Frolics,40,Reel,The Edcath Collection Book 2
Miss Judith Baillie of Dochfour,36,Reel,The Edcath Collection Book 2
Pipe Major John Lumsden,37,Reel,The Edcath Collection Book 2
Agitated Fingers,44,Jig,The Edcath Collection Book 2
Alex  Macdonald,43,Jig,The Edcath Collection Book 2
Donald maclean,42,Jig,The Edcath Collection Book 2
Donella Beaton,45,Jig,The Edcath Collection Book 2
Duart Castle,46,Jig,The Edcath Collection Book 2
Johnnie gillie's Barn,41,Jig,The Edcath Collection Book 2
Major Manson strides to the Isles,52,Jig,The Edcath Collection Book 2
Mrs PR MacLeod,48,Jig,The Edcath Collection Book 2
Off the beat,49,Jig,The Edcath Collection Book 2
Pipe Major Peter R MacLeod,51,Jig,The Edcath Collection Book 2
Snowball,47,Jig,The Edcath Collection Book 2
Willie Tait,50,Jig,The Edcath Collection Book 2
Hamilton Bay,3,Slow March,John Wilson's Collection Book 2
Ian's Lullaby,4,Slow March,John Wilson's Collection Book 2
"Lairig Ghru, The",3,Slow March,John Wilson's Collection Book 2
Lamend fo the Old reedmakers,1,Slow March,John Wilson's Collection Book 2
Loch Rannoch (Seconds),2,Slow March,John Wilson's Collection Book 2
Mrs John Wilson,5,Slow March,John Wilson's Collection Book 2
Toroto Exhibition Park,2,Slow March,John Wilson's Collection Book 2
"Abercairney Highlanders, The",14,March,John Wilson's Collection Book 2
"Balmoral Highlanders, The",16,March,John Wilson's Collection Book 2
"Braes o' Badenoch, The",10,March,John Wilson's Collection Book 2
Colin thomson,6,March,John Wilson's Collection Book 2
George Duncan,8,March,John Wilson's Collection Book 2
"Hills of Perth, The",9,March,John Wilson's Collection Book 2
How I lon to hear the Pipes again,12,March,John Wilson's Collection Book 2
Kinlochaline Castle,13,March,John Wilson's Collection Book 2
"Lochaber Gathering, The",19,March,John Wilson's Collection Book 2
Pipe Major John Stewart,18,March,John Wilson's Collection Book 2
"Road to Lonach, The",20,March,John Wilson's Collection Book 2
"Toronto Scottish Regiment, The",21,March,John Wilson's Collection Book 2
"Cameronians' farewell to Aldershot, the",27,March,John Wilson's Collection Book 2
"Glenogle Highlanders, The",22,March,John Wilson's Collection Book 2
Her Majesty's welcome to Glen Fiddich,23,March,John Wilson's Collection Book 2
Highland Kitty,25,March,John Wilson's Collection Book 2
Holyroom Park,26,March,John Wilson's Collection Book 2
"Judging was bad, The",24,March,John Wilson's Collection Book 2
Willie McRostie,29,March,John Wilson's Collection Book 2
"Zorra Highland Gathering, The",28,March,John Wilson's Collection Book 2
"Mad Major, The",30,March,John Wilson's Collection Book 2
"Mad  Major, The (seconds)",30,March,John Wilson's Collection Book 2
artafallie,32,Strathspey,John Wilson's Collection Book 2
Boan Lochan,34,Strathspey,John Wilson's Collection Book 2
Capt Duncan Mcregor,33,Strathspey,John Wilson's Collection Book 2
"Market place of Inverness, The",36,Strathspey,John Wilson's Collection Book 2
"Shepherd's Crook, The",31,Strathspey,John Wilson's Collection Book 2
Thoughts o' Burns,32,Strathspey,John Wilson's Collection Book 2
Anna Doddie,37,Reel,John Wilson's Collection Book 2
Detroit Callin,39,Reel,John Wilson's Collection Book 2
Lochiels away to France,40,Reel,John Wilson's Collection Book 2
margaret kennedy,44,Reel,John Wilson's Collection Book 2
pretty marion,38,Reel,John Wilson's Collection Book 2
Thoughts o' Burns,43,Reel,John Wilson's Collection Book 2
Tom Kettles,42,Reel,John Wilson's Collection Book 2
Alex Massies Hare,45,Jig,John Wilson's Collection Book 2
Amy ollan,46,Jig,John Wilson's Collection Book 2
"Blue-eyed Collie, The",52,Jig,John Wilson's Collection Book 2
"Duke of Bannockburn, The",55,Jig,John Wilson's Collection Book 2
Finlay McKenzie,47,Jig,John Wilson's Collection Book 2
John Grieve,61,Jig,John Wilson's Collection Book 2
John Keir,48,Jig,John Wilson's Collection Book 2
"Kinloch Rannoch Pipe Bankd, The",56,Jig,John Wilson's Collection Book 2
"Maid on the Green, The",57,Jig,John Wilson's Collection Book 2
Padruig Og,54,Jig,John Wilson's Collection Book 2
"Wee man in the Boat, The",50,Jig,John Wilson's Collection Book 2
Colin Mackay,58,Hornpipe,John Wilson's Collection Book 2
St Valery,59,Hornpipe,John Wilson's Collection Book 2
Sheann Trubhais,60,For Dancing,John Wilson's Collection Book 2
"Swords, The",62,For Dancing,John Wilson's Collection Book 2